Speaker,Utterance
dialogue_id:, 43_00066
USER,"""I am going on a trip with colleagues. Could you please make a reservation for me at the AC Hotel By Marriott Atlanta Buckhead At Phipps Plaza? I would stay until the 11th of this month."""
SYSTEM,"""Sure, could you please confirm your check-in date as well as the amount of rooms?"""
USER,"""Our check-in date will be on March 7th and I will need three rooms."""
SYSTEM,"""Well noted. Can you please confirm that you want me to make a reservation for 3 rooms at Ac Hotel By Marriott Atlanta Buckhead At Phipps Plaza from next Thursday until March 11th?"""
USER,"""That is correct, yes. I would need a bit more information about the hotel. Can you please give me their phone number and the total cost of the stay?"""
SYSTEM,"""APICall(method='ReserveHotel', parameters={ check_in_date: 2019-03-07, check_out_date: 2019-03-11, hotel_name: Ac Hotel By Marriott Atlanta Buckhead At Phipps Plaza, number_of_rooms: 3 })"""
Tool,"""Search Results\n[{ average_rating: 4.50, check_in_date: 2019-03-07, check_out_date: 2019-03-11, hotel_name: Ac Hotel By Marriott Atlanta Buckhead At Phipps Plaza, location: Atlanta, number_of_rooms: 3, pets_welcome: False, phone_number: +1 470-231-3030, price: 1344, street_address: 3600 Wieuca Road Northeast }]\nEnd Search Results"""
SYSTEM,"""I confirm that the reservation was successful. The total cost of your stay is 1344 dollars. You can reach the hotel on the following phone number: +1 470-231-3030"""
USER,"""Perfect, thank you."""
SYSTEM,"""You're welcome. Can I help you with anything else?"""
USER,"""No, that's all I needed. Thank you."""
SYSTEM,"""All right then. Have a good day."""
