,contact_name,location
0,Olivia,3810 Mowry Avenue
1,Alice,2221 South Shore Center
2,Brenda,2160 South Bascom Avenue
3,Kathryn,1532 20th Street
4,Louis,2737 20th Street
5,Emily,2556 Telegraph Avenue #4
6,Jason,Theatre Deli - Deli Bar & Rehearsal Studios
7,Bruce,Big Apple Circus
8,Steven,1216 South Abel Street
9,Lauren,Sutro Baths
10,Joseph,325 Sharon Park Drive Ste F-2
11,James,Covington Way
12,Madison,2737 20th Street
13,Joe,1186 South 2nd Street
14,Patricia,4801 Telegraph Avenue
15,Melissa,2589 Main Street
16,Peter,Tao Tao
17,Randy,2260 Palm Avenue
18,Donald,1047 Lincoln Highway suite 101
19,Hannah,5371 Mowry Avenue
20,Donna,German Spy Museum
21,Elizabeth,2260 Palm Avenue
22,Edward,1532 20th Street
23,Albert,1532 20th Street
24,Sean,2305 Camino Ramon #202
25,Johnny,2240 North Texas Street
26,Emma,1880 Solano Avenue
27,Jeremy,20686 Homestead Road
28,Amanda,Rich Mix
29,Joyce,67 Broadway
30,Mary,20686 Homestead Road
31,Richard,1047 Lincoln Highway suite 101
32,Betty,6493 Portola Drive
33,Melissa,1637 Lincoln Avenue
34,Jessica,40 Millwood Street
35,Raymond,613 Cabot Way
36,Albert,Kuya's Asian Cuisine
37,Betty,15824 Hesperian Blvd
38,Andrew,2425 California Street # C
39,Nicole,255 North 1st Street
40,Brandon,Plumed Horse
41,Gerald,5154 Mowry Avenue
42,Jack,1012 Oak Grove Avenue
43,Lawrence,208 Redwood Avenue
44,Abigail,40 Millwood Street
45,Thomas,2425 California Street # C
46,Terry,Park Lane Apartments
47,Randy,4550 Tassajara Road
48,Linda,939 Edgewater Boulevard E
49,Kathryn,JFK International Airport
50,Kimberly,1174 Solano Avenue
51,Nancy,450 East El Camino Real
52,Joyce,855 El Camino Real Building #1 Suite #3
53,John,15 Fiesta Lane
54,Christopher,1047 Lincoln Highway suite 101
55,Raymond,408 14th Street
56,Joshua,1532 20th Street
57,Megan,620 Main Street
58,Douglas,3734 West Belmont Avenue
59,Sarah,1047 Lincoln Highway suite 101
60,Evelyn,1532 20th Street
61,Sara,25 Kentucky Street
62,Grace,12221 San Pablo Avenue
63,Bruce,15 Fiesta Lane
64,Alan,450 East El Camino Real
65,Billy,1047 Lincoln Highway suite 101
66,Noah,The Van Buren
67,Edward,Mojo Theatre
68,Larry,California Arts Academy
69,Virginia,12th Avenue Arts
70,Helen,August Hall
71,Kyle,Talent to aMuse Theatre Co
72,Jose,Stage Door Repertory Theatre
73,Nicholas,Dearing Acting Studio
74,Rachel,Mojo Theatre
75,Keith,The Fillmore Philadelphia
76,Eugene,Theatre Raymond Kabbaz
77,Louis,Upright Citizens Brigade Sunset
78,Ethan,Newmark Theatre
79,Douglas,Discovery Park
80,Raymond,Crossroads at House of Blues Anaheim
81,Jacob,Stage Door Repertory Theatre
82,Judy,Discovery Park
83,Kathryn,Shoe Box Theater
84,Natalie,Rainbow Ballroom
85,Andrea,Cal Coast Credit Union Amphitheater
86,Christian,Stage Door Repertory Theatre
87,Emma,The Artistic Home
88,Brittany,Crossroads at House of Blues Anaheim
89,Austin,12th Avenue Arts
90,Abigail,California Arts Academy
91,Ann,Upright Citizens Brigade Sunset
92,Walter,Dearing Acting Studio
93,Alan,San Francisco Symphony
94,Pamela,The Artistic Home
95,Beverly,Discovery Park
96,Emma,Cal Coast Credit Union Amphitheater
97,Jesse,Stage Door Repertory Theatre
98,Bryan,Chop Shop
99,Bruce,Cal Coast Credit Union Amphitheater
100,Kathleen,Studio C Artists
101,Victoria,12th Avenue Arts
102,Rachel,Studio C Artists
103,Donald,520 8th Ave. - Personal Valet Parking
104,Ralph,Chop Shop
105,Barbara,Stage Door Repertory Theatre
106,Sophia,The Artistic Home
107,Olivia,Mojo Theatre
108,John,243 O'Farrell Street
109,Grace,Dulles International Airport
110,Mary,KLIA International Airport
111,Nicholas,PHL International Airport
112,Kenneth,1971 San Pablo Avenue
113,William,2180 Third Street
114,Judy,5945 Almaden Expressway #150
115,Donald,1690 Locust Street
116,Charles,Clayton Valley
117,Alan,16 Mint Plaza
118,Logan,7377 Saint Helena Highway
119,Anthony,1890 West San Carlos Street
120,Juan,1760 Polk Street
121,Joe,JFK International Airport
122,Harold,443 Emerson Street
123,Keith,16 Mint Plaza
124,Nancy,JFK International Airport
125,Carol,Portland Bus Station
126,Jacob,1355 Broadway
127,Heather,968 Ralston Avenue
128,Abigail,3912 MacArthur Boulevard
129,Michael,1655 Post Street
130,Stephen,King Street Station
131,Jean,Downtown
132,Bobby,2203 Loveridge Road
133,Brittany,16250 East 14th Street
134,Roger,524 Van Ness Avenue
135,Linda,Union Station
136,Matthew,Orly International Airport
137,Samuel,2241 First Street
138,Jean,Gatwick International Airport
139,Walter,Estacion Buenavista
140,Billy,Union Plaza
141,Henry,2212 North Texas Street
142,Elizabeth,Sky Harbor International Airport
143,Maria,Heathrow International Airport
144,Theresa,Peachtree Station
145,Roger,9900 Sonoma Highway
146,Melissa,Jomo Kenyatta International Airport
147,Catherine,115 De Anza Boulevard
148,Amy,1306 Saratoga Avenue
149,Lauren,1754 Polk Street
150,Vincent,Benito Juarez International Airport
151,Deborah,PHL International Airport
152,Victoria,Heathrow International Airport
153,Keith,960 Moraga Road #1
154,Roy,940 Blossom Hill Road
155,Justin,Market Broiler Fremont
156,Peter,2190 Bancroft Way
157,Frank,139 South B Street
158,Douglas,16 Mint Plaza
159,Sarah,Downtown
160,Anna,1460 Halford Avenue
161,Edward,16 Mint Plaza
162,Keith,17385 Monterey Road
163,Samuel,640 Hegenberger Road
164,Rebecca,900 Meadowood Lane
165,Shirley,Heathrow International Airport
166,Carolyn,120 Marina Drive
167,Willie,1599 Sanchez Street
168,Theresa,Indira Gandhi International Airport
169,Virginia,3082 Marlow Road
170,Alexis,McCarran International Airport
171,Ronald,Heathrow International Airport
172,Alice,Staten Island Children's Museum
173,Dorothy,Benito Juarez International Airport
174,Judith,O'Hare International Airport
175,Patricia,Heathrow International Airport
176,Richard,Cognacq-Jay Museum
177,Scott,Maurizio's
178,Walter,Fresno Station
179,Alan,Estacion Buenavista
180,Kevin,Air And Space Museum
181,Emily,Mendoza's Restaurant
182,William,Alte Nationalgalerie
183,Joseph,Heathrow International Airport
184,Ryan,Santa Fe Depot
185,Thomas,30 St Mary Axe (The Gherkin)
186,Katherine,American Church in Paris
187,Kimberly,30 St Mary Axe (The Gherkin)
188,Beverly,Cars Land
189,Judy,Center for Contemporary Art Ujazdowski Castle
190,Christian,Aquarium of the Bay
191,Cynthia,Al-Farooq Masjid
192,Emma,Heathrow International Airport
193,Nathan,Arte Carrillo Gil Museum
194,Johnny,Indira Gandhi International Airport
195,Nicole,Heathrow International Airport
196,Bruce,Fleet Science Center
197,Jennifer,O'Hare International Airport
198,Judy,Angels Flight Railway
199,Janet,9/11 Tribute Museum
200,Jordan,Orly International Airport
201,Julia,ANZ Stadium
202,Lawrence,Port Authority Station
203,Bryan,King Street Station
204,Margaret,Santa Fe Depot
205,Theresa,Alte Nationalgalerie
206,Lori,30 St Mary Axe (The Gherkin)
207,Jessica,Angels Flight Railway
208,Denise,Madison Square Park
209,Bobby,Lake Terrace Apartments
210,Jacqueline,Alley Pond Park
211,Natalie,9/11 Tribute Museum
212,Amber,Admiralty Arch
213,Matthew,9/11 Tribute Museum
214,Emily,KLIA International Airport
215,Aaron,Alte Nationalgalerie
216,Sharon,Alte Nationalgalerie
217,Timothy,360 CHICAGO
218,Emily,30 St Mary Axe (The Gherkin)
219,Nathan,30 St Mary Axe (The Gherkin)
220,Matthew,King Street Station
221,Linda,Alexandra Palace
222,Logan,Port Authority Station
223,Harold,ANZ Stadium
224,Kimberly,Alley Pond Park
225,Nancy,BODY WORLDS London
226,Sean,951 Pomona Avenue
227,Elizabeth,JFK International Airport
228,Kayla,SAN International Airport
229,Thomas,Heathrow International Airport
230,Victoria,Apsley House
231,Richard,Heathrow International Airport
232,Rose,JFK International Airport
233,Steven,Aga Khan Museum
234,Lauren,Toronto Pearson International Airport
235,Jacob,Air And Space Museum
236,Eric,Arte Carrillo Gil Museum
237,Dennis,Toronto Pearson International Airport
238,Alan,Cent Quatre
239,Nicholas,Alcatraz
240,Danielle,8 Kenneth Rexroth Place
241,Brittany,LAX International Airport
242,Paul,Toronto Pearson International Airport
243,Christopher,2225 Sharon Road
244,Dylan,978 Almaden Lake Drive
245,Kimberly,1475 167th Avenue
246,Frances,416 Boynton Avenue
247,Thomas,10944 San Pablo Avenue # 800
248,Juan,1901 Shore Line Drive
249,Russell,73 North Keeble Avenue
250,Jonathan,199 Aegean Way
251,Melissa,1600 Buchanan Road
252,Ann,611 Enterprise Drive
253,Philip,1550 Valley Glen Drive
254,Johnny,25100 Cypress Avenue
255,Terry,2355 Fairfield Avenue
256,Lori,1546 Maurice Lane
257,Adam,1275 Central Boulevard
258,Sophia,5643 Charlotte Way
259,Jacob,1059 Reed Avenue
260,Danielle,16530 Monterey Road
261,Nicole,660 Gail Avenue
262,Jerry,613 Cabot Way
263,Walter,301 Country View Lane # A
264,Charles,"Leasing Office, 6600 Montecito Boulevard"
265,Sandra,555 East El Camino Real
266,Lauren,859 University Avenue
267,Larry,199 Aegean Way
268,Janice,1688 Clayton Road
269,Patrick,3500 Pennsylvania Avenue # 101
270,Emma,1059 Reed Avenue
271,Terry,5005 Montoya Avenue
272,Margaret,3820 Park Boulevard
273,Amy,100 Devon Avenue
274,Frank,1282 Mattox Road
275,Samantha,1241 Arnold Drive
276,Andrea,240 Kottinger Drive
277,Joseph,1633 Marina Court
278,James,3500 Pennsylvania Avenue # 101
279,Ruth,25173 Cypress Avenue
280,Carol,4656 Quigg Drive
281,Frank,1546 Maurice Lane
282,Helen,20667 Forge Way
283,Bryan,26100 Gading Road
284,Eugene,40001 Fremont Boulevard
285,Raymond,6221 Montecito Boulevard
286,Andrew,111 Seminary Drive
287,Teresa,4748 West Campbell Avenue
288,David,900 Cambridge Drive
289,Henry,2000 Shoreline Loop
290,Emma,275 Hawthorne Avenue
291,Sophia,400 East Remington Drive
292,Natalie,1010 Power Avenue
293,Janet,1400 A Street
294,Vincent,947 Branham Lane # C
295,Robert,555 East El Camino Real
