,album,artist,genre,song_name,year,playback_device
0,Essentials,Major Lazer,Moombahton,Light It Up,2015,
1,Essentials,Major Lazer,Moombahton,Light It Up,2015,TV
2,The Getaway,Red Hot Chili Peppers,Pop,Dark Necessities,2016,
3,The Getaway,Red Hot Chili Peppers,Pop,Go Robot,2016,
4,The Getaway,Red Hot Chili Peppers,Pop,Goodbye Angels,2016,
5,The Getaway,Red Hot Chili Peppers,Pop,Sick Love,2016,
6,The Getaway,Red Hot Chili Peppers,Pop,Dark Necessities,2016,Kitchen speaker
7,Blonde,Frank Ocean,Pop,Ivy,2016,
8,Blonde,Frank Ocean,Pop,Nights,2016,
9,Blonde,Frank Ocean,Pop,Nikes,2016,
10,Blonde,Frank Ocean,Pop,Self Control,2016,
11,Blonde,Frank Ocean,Pop,Nights,2016,TV
12,Kaleidoscope Dream,Miguel,Pop,Adorn,2012,
13,A Boy From Tandale,Diamond Platnumz,Pop,African Beauty,2018,
14,Handwritten,Shawn Mendes,Pop,Aftertaste,2015,
15,Holo,Limbo,Pop,Airplane Mode,2017,
16,This Is Acting,Sia,Pop,Alive,2013,
17,Title,Meghan Trainor,Pop,All About That Bass,2012,
18,Always In Between,Jess Glynne,Pop,All I Am,2018,
19,The Princess,Parov Stelar,Pop,All Night,2012,
20,Journals,Justin Bieber,Pop,All That Matters,2013,
21,Singular Act I,Sabrina Carpenter,Pop,Almost Love,2018,
22,A Boy From Tandale,Diamond Platnumz,Pop,African Beauty,2018,Kitchen speaker
23,World Cry,Jah Cure,Reggae,Before I Leave,2010,
24,Black Smoke Rising,Greta Van Fleet,Rock,Highway Tune,2017,
25,Amos,Michael Ray,Country,One That Got Away,2018,
26,What Makes You Country,Luke Bryan,Country,What Makes You Country,2017,
27,Adobe Sessions,Cody Jinks,Country,Cast No Stones,2015,
28,Handwritten,Shawn Mendes,Pop,Something Big,2014,
29,Slow Air,Still Corners,Pop,The Message,2018,
30,Sunset Season,Conan Gray,Pop,Lookalike,2018,
31,Camila,Camila Cabello,Pop,Consequences,2018,
32,The First Time,Kelsea Ballerini,Country,Peter Pan,2015,
33,World Cry,Jah Cure,Reggae,Before I Leave,2010,TV
34,Mercury Lane,Jimmie Allen,Country,Best Shot,2018,
35,Mercury Lane,Jimmie Allen,Country,Best Shot,2018,Kitchen speaker
36,Crooked Teeth,Papa Roach,Metal,Born For Greatness,2017,
37,Meliora,Ghost,Metal,Cirice,2015,
38,Anesthetic,Mark Morton,Metal,Cross Off,2019,
39,Prequelle,Ghost,Metal,Dance Macabre,2018,
40,No More Hollywood Endings,Battle Beast,Metal,Eden,2019,
41,The Hunting Party,Linkin Park,Metal,Final Masquerade,2014,
42,Got Your Six,Five Finger Death Punch,Metal,I Apologize,2015,
43,Judas,Fozzy,Metal,Judas,2017,
44,Maximalism,Amaranthe,Metal,Maximize,2016,
45,Heroes,Sabaton,Metal,Night Witches,2014,
46,Meliora,Ghost,Metal,Cirice,2015,TV
47,Crooked Teeth,Papa Roach,Rock,Help,2017,
48,Crooked Teeth,Papa Roach,Rock,Help,2017,TV
49,Different World,Alan Walker,Pop,Alone,2010,
50,Narsha,Narsha,Pop,Bbi Ri Bba Bba,2010,
51,Born Free,Kid Rock,Rock,Born Free,2010,
52,Halfway To Heaven,Brantley Gilbert,Country,Bottoms Up,2010,
53,Cannibal,Kesha,Pop,Cannibal,2010,
54,Pass The Jar,Zac Brown Band,Country,Colder Weather,2010,
55,My Kinda Party,Jason Aldean,Country,Dirt Road Anthem,2010,
56,Burlesque Original Motion Picture Soundtrack,Christina Aguilera,Soundtracks,Express,2010,
57,Battleground,The Wanted,Pop,Glad You Came,2010,
58,Different World,Alan Walker,Pop,Alone,2010,Bedroom speaker
59,Magic,Ben Rector,Pop,Love Like This,2018,
60,Flicker,Niall Horan,Pop,On The Loose,2017,
61,Coming Home,Kristin Chenoweth,Pop,Maybe This Time,2014,
62,Cryptic,Billy Watman,Pop,Bohemian Rhapsody,2018,
63,Outlaw Soul,Tyler Wood,Country,Still Ridin Shotgun,2014,
64,Pop Evil,Pop Evil,Metalcore,Be Legendary,2018,
65,Visions,Grimes,Electropop,Oblivion,2012,
66,Globalization,Pitbull,Pop,Fireball,2014,
67,Joytime,Marshmello,House,Keep It Mello,2015,
68,Your Name,Radwimps,Soundtracks,Nandemonaiya,2016,
69,Magic,Ben Rector,Pop,Love Like This,2018,Kitchen speaker
70,Black Widow,In This Moment,Metalcore,Sick Like Me,2014,
71,The First Time,Kelsea Ballerini,Pop,Yeah Boy,2014,
72,A Star Is Born Soundtrack,Lady Gaga,Soundtracks,Before I Cry,2018,
73,Burlesque Original Motion Picture Soundtrack,Christina Aguilera,Soundtracks,Tough Lover,2010,
74,Melting,Nico Cartosio,Classical,Cocaine March,2019,
75,Firestone,Kygo,Downtempo,Firestone,2014,
76,Evolution,Disturbed,Rock,Are You Ready,2018,
77,Radh,Mohammed Al Salem,Pop,Qalb Qalb Party,2016,
78,Pumped Up Kicks,Foster The People,Indie,Pumped Up Kicks,2010,
79,A Star Is Born Soundtrack,Lady Gaga,Soundtracks,Before I Cry,2018,TV
80,Oxford,Connar Moon,Folk,Annie,2018,
81,Oxford,Connar Moon,Folk,Annie,2018,TV
82,A Star Is Born Soundtrack,Lady Gaga,Soundtracks,Look What I Found,2018,
83,Gotta Be Me,Cody Johnson,Country,With You I Am,2016,
84,Anchor,Mindy Gledhill,Pop,I Do Adore,2010,
85,Tomahawk Technique,Sean Paul,Reggae,How Deep Is Your Love,2012,
86,Thank You,Meghan Trainor,Pop,Kindly Calm Me Down,2016,
87,Euphoria,Enrique Iglesias,Pop,Heartbeat,2010,
88,Golden Hour,Kacey Musgraves,Country,Slow Burn,2018,
89,Dzieciom,Lao Che,Rock,Wojenka,2015,
90,A Star Is Born Soundtrack,Lady Gaga,Soundtracks,Look What I Found,2018,Bedroom speaker
91,Joanne,Lady Gaga,Pop,John Wayne,2016,
92,Outsider,Three Days Grace,Rock,The Mountain,2018,
93,Welcome Reality,Nero,Dubstep,Promises,2010,
94,Assume Form,James Blake,Pop,Mile High,2019,
95,Party Rock Mansion,Redfoo,Pop,New Thang,2014,
96,Torches,Foster The People,Indie,Houdini,2011,
97,V,Adam Levine,Pop,Lost Stars,2014,
98,Hero,Maren Morris,Country,Rich,2016,
99,Title,Meghan Trainor,Pop,All About That Bass,2012,Bedroom speaker
100,Telling All My Secrets,Mitchell Tenpenny,Country,Drunk Me,2018,
101,After The Landslide,Matt Simons,Pop,Open Up,2019,
102,Elevate,Big Time Rush,Pop,Windows Down,2011,
103,Sex Pop,Alex Angel,Pop,Sex Pop,2019,
104,Brave Enough,Lindsey Stirling,House,Lost Girls,2016,
105,If I Know Me,Morgan Wallen,Country,The Way I Talk,2016,
106,Free Spirit,Khalid,Pop,Better,2018,
107,Telling All My Secrets,Mitchell Tenpenny,Country,Drunk Me,2018,Kitchen speaker
108,All The Little Lights,Passenger,Pop,Let Her Go,2010,
109,All The Little Lights,Passenger,Pop,Let Her Go,2010,Kitchen speaker
110,Lifers,Cody Jinks,Country,Must Be The Whiskey,2018,
111,Bigger,Sugarland,Country,Babe,2017,
112,Bigger,Sugarland,Country,Babe,2017,Bedroom speaker
113,My Everything,Ariana Grande,Pop,Be My Baby,2014,
114,My Everything,Ariana Grande,Pop,Best Mistake,2014,
115,The New Classic,Iggy Azalea,Pop,Black Widow,2014,
116,Nick Jonas,Nick Jonas,Pop,Chains,2014,
117,Quarter,Witwisit Hiranyawongkul,Pop,Fortunately I Met You,2014,
118,Pink Elephant,Russell Vitale,Pop,Goodbye,2014,
119,Dangerous Woman,Ariana Grande,Pop,Into You,2014,
120,Get Weird,Little Mix,Pop,Love Me Like You,2014,
121,My Everything,Ariana Grande,Pop,Be My Baby,2014,TV
122,Badlands,Halsey,Electropop,Colors,2015,
123,Badlands,Halsey,Electropop,Control,2015,
124,Badlands,Halsey,Electropop,Gasoline,2015,
125,Badlands,Halsey,Electropop,Ghost,2014,
126,Badlands,Halsey,Electropop,Hurricane,2014,
127,Badlands,Halsey,Electropop,Colors,2015,TV
128,We Need To Talk,Taylor Parks,Pop,I Want You,2019,
129,Safe Haven,Ruth B,Pop,Superficial Love,2015,
130,Redneck Crazy,Tyler Farr,Country,Redneck Crazy,2013,
131,Sick Boy,The Chainsmokers,Pop,Sick Boy,2018,
132,Stories,Avicii,Pop,Broken Arrows,2015,
133,Tell Me You Love Me,Cheat Codes,Pop,No Promises,2017,
134,Kill The Lights,Luke Bryan,Country,Strip It Down,2015,
135,Love Crimes,Super Sako,Pop,Mi Gna,2016,
136,La La Land,La La Land Cast,Soundtracks,Another Day Of Sun,2016,
137,Illuminate,Shawn Mendes,Pop,Bad Reputation,2016,
138,Dangerous Woman,Ariana Grande,Pop,Be Alright,2016,
139,Joytime,Marshmello,House,Blocks,2016,
140,Yours,Russell Dickerson,Country,Blue Tacoma,2016,
141,It Feel Good,Konshens,Reggae,Bruk Off Yuh Back,2016,
142,Cloud Nine,Kygo,Downtempo,Carry Me,2016,
143,Bollywood Monsoon Special,Meet Bros,South Asia,Cham Cham,2016,
144,Cold Water,Major Lazer,Electropop,Cold Water,2016,
145,King Of The Dancehall,Vybz Kartel,Reggae,Colouring This Life,2016,
146,La La Land,La La Land Cast,Soundtracks,Another Day Of Sun,2016,Kitchen speaker
147,The King Of Limbs,Radiohead,Electronica,Lotus Flower,2011,
148,Born This Way,Lady Gaga,Pop,Born This Way,2011,
149,Rearview Town,Jason Aldean,Country,Ride All Night,2018,
150,Cloud Nine,Kygo,Downtempo,Raging,2016,
151,Nayutan Sei Kara No Buttai Y,Nayutalien,Rock,Planet Loop,2016,
152,Handwritten,Shawn Mendes,Pop,Never Be Alone,2015,
153,Expectations,Bebe Rexha,Pop,I Got You,2010,
154,Rearview Town,Jason Aldean,Country,Girl Like You,2018,
155,Summer Anthems,Common Kings,Reggae,No Other Love,2013,
156,Illuminate,Shawn Mendes,Pop,Mercy,2010,
157,Handwritten,Shawn Mendes,Pop,Stitches,2015,
158,Illuminate,Shawn Mendes,Pop,Treat You Better,2016,
159,Handwritten,Shawn Mendes,Pop,Aftertaste,2015,Bedroom speaker
160,The End Is Where We Begin,Thousand Foot Krutch,Rock,Be Somebody,2012,
161,Transmissions,Starset,Rock,Carnivore,2013,
162,The End Is Where We Begin,Thousand Foot Krutch,Rock,Courtesy Call,2012,
163,Your Name,Radwimps,Rock,Dream Lantern,2016,
164,Sex Rock,Alex Angel,Rock,Easy World,2018,
165,Erase The Pain,Palisades,Rock,Erase The Pain,2018,
166,After Laughter,Paramore,Rock,Hard Times,2017,
167,Meliora,Ghost,Rock,He Is,2015,
168,The Story,Fivefold,Rock,Lost Within,2012,
169,Night Visions,Imagine Dragons,Rock,Radioactive,2012,
170,The Tattva Trip,Suraj Mani,Rock,The Tattva Trip,2012,
171,Origins,Shallow Side,Rock,Try To Fight It,2012,
172,The End Is Where We Begin,Thousand Foot Krutch,Rock,Courtesy Call,2012,Kitchen speaker
173,Summer House,Concorde,Pop,Just Kiss Her,2012,
174,Last Year Was Complicated,Nick Jonas,Pop,Under You,2016,
175,Lee Brice,Lee Brice,Country,Rumor,2017,
176,Chapters,Yuna,Pop,Crush,2016,
177,Beauty Marks,Ciara,Pop,Thinkin Bout You,2019,
178,Glory,Britney Spears,Pop,Slumber Party,2016,
179,Icarus Falls,Zayn Malik,Pop,Let Me,2018,
180,The Awakening,Onlap,Rock,The Awakening,2011,
181,Heroes,Sabaton,Metal,No Bullets Fly,2014,
182,Men Halati,Farfashah,Pop,Ouf Menuh Qalbi,2018,
183,Charice,Jake Zyrus,Pop,Pyramid,2010,
184,Amma Kanakku,Srinisha,South Asia,Maths Tough,2016,
185,Lindsey Stirling,Lindsey Stirling,Pop,Electric Daisy Violin,2011,
186,This Is Acting,Sia,Pop,Unstoppable,2016,
187,Elements,Ludovico Einaudi,Classical,Night,2015,
188,Fly,Karolina Protsenko,Pop,Girls Like You,2018,
189,Charice,Jake Zyrus,Pop,Pyramid,2010,Kitchen speaker
190,A Soe Htae Ka A Kaung,Kaung Kaung,Pop,Pyaw Nay Par,2018,
191,Only Love,Jordan Smith,Pop,Only Love,2018,
192,Ready,Ruel,Pop,Younger,2018,
193,Icarus Falls,Zayn Malik,Pop,Still Got Time,2017,
194,The Last Stand,Sabaton,Metal,The Lost Battalion,2016,
195,Icarus Falls,Zayn Malik,Pop,Satisfaction,2018,
196,A Soe Htae Ka A Kaung,Kaung Kaung,Pop,Pyaw Nay Par,2018,Kitchen speaker
197,Maza Mar Liya Dhori Ke Niche,Shailesh Premi,Country,Lahnga Lasar Ke,2019,
198,Maza Mar Liya Dhori Ke Niche,Shailesh Premi,Country,Lahnga Lasar Ke,2019,Kitchen speaker
199,The Mountain,Dierks Bentley,Country,Burning Man,2018,
200,Icarus Falls,Zayn Malik,Pop,Good Years,2018,
201,Flicker,Niall Horan,Folk,Slow Hands,2017,
202,Overthinking,Shy Martin,Pop,Lose You Too,2018,
203,Icona Pop,Icona Pop,Electropop,I Love It,2012,
204,Sick Boy,The Chainsmokers,Pop,Side Effects,2018,
205,Contraband,Madcon,Pop,Glow,2010,
206,The Mountain,Dierks Bentley,Country,Burning Man,2018,Kitchen speaker
207,My Everything,Ariana Grande,Pop,One Last Time,2014,
208,Lindsey Stirling,Lindsey Stirling,Pop,Crystallize,2012,
209,Wake Up Dreaming,Stephanie Mabey,Pop,The Zombie Song,2012,
210,One More Light,Linkin Park,Electropop,Battle Symphony,2017,
211,The Last Stand,Sabaton,Metal,Shiroyama,2016,
212,Love Town,Kolohe Kai,Reggae,First True Love,2011,
213,The Good Parts,Andy Grammer,Pop,Fresh Eyes,2016,
214,Dangerous Woman,Ariana Grande,Pop,Focus,2015,
215,My Everything,Ariana Grande,Pop,One Last Time,2014,Kitchen speaker
216,Last Daze Of Summer,Maleek Berry,Africa,Kontrol,2016,
217,Pop Food,Jack Stauber,Pop,Oh Klahoma,2017,
218,Yours,Russell Dickerson,Country,Yours,2015,
219,Sucker Punch,Sigrid,Pop,Business Dinners,2019,
220,It Goes Like This,Thomas Rhett,Country,It Goes Like This,2013,
221,Foundation,Shatta Wale,Reggae,Shatta Movement,2015,
222,La La Land,La La Land Cast,Soundtracks,Another Day Of Sun,2016,Bedroom speaker
223,Kaleidoscope Dream,Miguel,Pop,Adorn,2012,Bedroom speaker
224,Unapologetically,Kelsea Ballerini,Country,Miss Me More,2017,
225,Eric Ethridge,Eric Ethridge,Country,If You Met Me First,2018,
226,Dedicated,Carly Rae Jepsen,Pop,Now That I Found You,2019,
227,Purgatory,Tyler Childers,Country,White House Road,2016,
228,Thank You Happy Birthday,Cage The Elephant,Rock,Shake Me Down,2011,
229,Kuntry,Jawga Boyz,Country,All The Girls Wanna Ride,2011,
230,Slow Air,Still Corners,Pop,Black Lagoon,2018,
231,Bloom,Troye Sivan,Pop,Bloom,2018,
232,Narrated For You,Alec Benjamin,Pop,Boy In The Bubble,2018,
233,Piano Songs,Froggy Fresh,Pop,Boyfriend,2018,
234,Yours,Isak Danielson,Pop,Broken,2018,
235,Dzieciom,Lao Che,Rock,Wojenka,2015,Kitchen speaker
236,Mirrorwriting,Jamie Woon,Electronica,Lady Luck,2011,
237,The Martin Garrix Experience,Martin Garrix,House,Latency,2018,
238,Sex Rock,Alex Angel,Rock,My Donna,2018,
239,King Of Everything,Jinjer,Metal,Pisces,2016,
240,Undefined,Simply Three,Rock,Rain,2017,
241,Loser,Sasha Sloan,Pop,Older,2018,
242,Sing To Me Instead,Ben Platt,Pop,Ease My Mind,2019,
243,The Present Tense,Courier,Pop,San Francisco,2016,
244,A Star Is Born Soundtrack,Lady Gaga,Soundtracks,Heal Me,2018,
245,Mirrorwriting,Jamie Woon,Electronica,Lady Luck,2011,Kitchen speaker
246,Gravity,Jason Chen,Pop,Best Friend,2011,
247,Gravity,Jason Chen,Pop,Music Never Sleeps,2011,
248,Gravity,Jason Chen,Pop,Best Friend,2011,Bedroom speaker
249,Happiness,Hurts,Pop,Wonderful Life,2010,
250,Happiness,Hurts,Pop,Wonderful Life,2010,Kitchen speaker
251,Avril Lavigne,Avril Lavigne,Pop,Hello Kitty,2013,
252,If I Know Me,Morgan Wallen,Country,Whiskey Glasses,2016,
253,You Should Be Here,Cole Swindell,Country,You Should Be Here,2015,
254,One More Light,Linkin Park,Electropop,Good Goodbye,2017,
255,Halcyon Days,Ellie Goulding,Pop,How Long Will I Love You,2010,
256,A Boy From Tandale,Diamond Platnumz,Pop,African Beauty,2018,TV
257,Evolution,Disturbed,Rock,No More,2018,
258,Limitless,The Piano Guys,Classical,Perfect,2017,
259,Loud,Rihanna,Pop,California King Bed,2011,
260,Assume Form,James Blake,Pop,Barefoot In The Park,2019,
261,Narrated For You,Alec Benjamin,Pop,If I Killed Someone For You,2018,
262,Arcadia,Eurielle,Pop,Hate Me,2015,
263,The New Classic,Iggy Azalea,Pop,Work,2013,
264,Evolution,Disturbed,Rock,No More,2018,Kitchen speaker
265,Desperate Man,Eric Church,Country,Some Of It,2018,
266,So Good,Zara Larsson,Pop,I Would Like,2016,
267,Nightsky,Tracey Chattaway,Classical,Nightsky,2015,
268,Brett Young,Brett Young,Country,Like I Loved You,2017,
269,World Cry,Jah Cure,Reggae,Before I Leave,2010,Kitchen speaker
270,Loser,Sasha Sloan,Pop,Older,2018,Kitchen speaker
271,Magic,Ben Rector,Pop,Love Like This,2018,TV
272,Ruin Your Party,Scotty Sire,Pop,Take Me Away,2018,
273,Ruin Your Party,Scotty Sire,Pop,Take Me Away,2018,Bedroom speaker
274,Winter Collection,Sivik,Pop,High,2015,
275,Singular Act I,Sabrina Carpenter,Pop,Paris,2018,
276,Alkaline Masterpiece,Alkaline,Reggae,Pretty Girl Team,2017,
277,Bu Muhabbat,Shahzoda,Pop,Chicco,2013,
278,Raabta,Arijit Singh,South Asia,Ik Vaari Aa,2017,
279,The New Classic,Iggy Azalea,Pop,Bounce,2013,
280,The New Classic,Iggy Azalea,Pop,Change Your Life,2013,
281,The New Classic,Iggy Azalea,Pop,Black Widow,2014,Kitchen speaker
282,Stars Dance,Selena Gomez,Pop,Love Will Remember,2013,
283,For You,Selena Gomez,Pop,The Heart Wants What It Wants,2014,
284,Stars Dance,Selena Gomez,Pop,Love Will Remember,2013,TV
285,Holy Hell,Architects,Metal,Royal Beggars,2018,
286,Sick Boy,The Chainsmokers,Pop,Hope,2018,
287,Singular Act I,Sabrina Carpenter,Pop,Sue Me,2018,
288,You Know I Know,Olly Murs,Pop,Moves,2018,
289,Old Diary,La Min Phyu,Pop,Stage Show,2018,
290,Icarus Falls,Zayn Malik,Pop,Dusk Till Dawn,2017,
291,Love Yourself,Justin Bieber,Pop,Love Yourself,2015,
292,Purpose,Justin Bieber,Pop,Sorry,2010,
293,Journals,Justin Bieber,Pop,All That Matters,2013,Bedroom speaker
294,Kamayanbaghi,Hoba Hoba Spirit,Rock,Mchat,2018,
295,Joytime,Marshmello,House,Summer,2015,
296,My Everything,Ariana Grande,Pop,Break Free,2011,
297,The Beginning,Sammielz,Reggae,Let Us Be,2014,
298,Always In Between,Jess Glynne,Pop,Thursday,2018,
299,Kiss,Carly Rae Jepsen,Pop,Call Me Maybe,2011,
300,Dark Horse,Devin Dawson,Country,All On Me,2017,
301,Voicenotes,Charlie Puth,Pop,Attention,2017,
302,Love Always,Shane Filan,Pop,Beautiful In White,2017,
303,Pop Food,Jack Stauber,Pop,Buttercup,2017,
304,Odisea,Ozuna,Latin,El Farsante,2017,
305,Holo,Limbo,Pop,Airplane Mode,2017,Kitchen speaker
306,Infestissumam,Ghost,Metal,Year Zero,2013,
307,Caroline,Citizen Soldier,Rock,Let It Burn,2017,
308,Peace Of Mind,Rebelution,Reggae,So High,2011,
309,Barefoot Blue Jean Night,Jake Owen,Country,Alone With You,2011,
310,Bangarang,Skrillex,Soundtracks,Bangarang,2011,
311,Halcyon Days,Ellie Goulding,Pop,Beating Heart,2011,
312,Born This Way,Lady Gaga,Pop,Bloody Mary,2011,
313,Kuntry,Jawga Boyz,Country,All The Girls Wanna Ride,2011,TV
314,Bringing Back The Sunshine,Blake Shelton,Country,Sangria,2014,
315,Desperate Man,Eric Church,Country,Desperate Man,2018,
316,Tell Me You Love Me,Demi Lovato,Pop,Tell Me You Love Me,2017,
317,Instant Regrets,Instant Regrets,Rock,Instant Regret,2018,
318,Sucker Punch,Sigrid,Pop,Sucker Punch,2018,
319,Nine Track Mind,Charlie Puth,Pop,Dangerously,2016,
320,Contraband,Madcon,Pop,Glow,2010,Kitchen speaker
321,The Pains Of Growing,Alessia Cara,Pop,Out Of Love,2018,
322,The Pains Of Growing,Alessia Cara,Pop,Trust My Lonely,2018,
323,The Pains Of Growing,Alessia Cara,Pop,Trust My Lonely,2018,Kitchen speaker
324,Southeastern,Jason Isbell,Alternative Country,Cover Me Up,2013,
325,Southeastern,Jason Isbell,Alternative Country,Cover Me Up,2013,Bedroom speaker
326,Anesthetic,Mark Morton,Metal,Cross Off,2019,TV
327,Pure Heroine,Lorde,Electropop,Buzzcut Season,2013,
328,A Star Is Born Soundtrack,Lady Gaga,Soundtracks,Always Remember Us This Way,2018,
329,Kiss,Carly Rae Jepsen,Pop,Call Me Maybe,2011,TV
330,Shoft El Ayam,Amr Diab,Middle Eastern,Ana Mosh Anani,2014,
331,Double Vision,Prince Royce,Pop,Back It Up,2015,
332,Pure Heroine,Lorde,Electropop,Team,2013,
333,Speak Now,Taylor Swift,Pop,The Story Of Us,2010,
334,Shatter Me,Lindsey Stirling,Pop,Shatter Me,2014,
335,Talk That Talk,Rihanna,Pop,Talk That Talk,2011,
336,Mint,Alice Merton,Pop,Why So Serious,2018,
337,Shoft El Ayam,Amr Diab,Middle Eastern,Ana Mosh Anani,2014,TV
338,After The Landslide,Matt Simons,Pop,Open Up,2019,Kitchen speaker
339,The Last Stand,Sabaton,Metal,Winged Hussars,2016,
340,The Last Stand,Sabaton,Metal,Shiroyama,2016,Kitchen speaker
341,Halcyon,Ellie Goulding,Pop,Burn,2012,
342,Maren Morris,Maren Morris,Country,My Church,2016,
343,Ana Keteer,Sherine,Pop,Ya Layali,2014,
344,Covers,Alec Chambers,Pop,Without Me,2018,
345,Black Widow,In This Moment,Metalcore,Big Bad Wolf,2014,
346,Evolution,Disturbed,Rock,No More,2018,Bedroom speaker
347,The End Is Where We Begin,Thousand Foot Krutch,Rock,Be Somebody,2012,Kitchen speaker
348,Narrated For You,Alec Benjamin,Pop,Gotta Be A Reason,2018,
349,Happiness Begins,Jonas Brothers,Pop,Sucker,2019,
350,True Believers,Darius Rucker,Country,Wagon Wheel,2013,
351,Thinking In Textures,Nick Murphy,Electronica,No Diggity,2012,
352,Honky Tonk Time Machine,George Strait,Country,Codigo,2018,
353,Try Again,Cindy Santos,Latin,Baby Sexy,2018,
354,Icarus Falls,Zayn Malik,Pop,There You Are,2018,
355,Icarus Falls,Zayn Malik,Pop,Let Me,2018,Bedroom speaker
356,Vessel,Twenty One Pilots,Pop,Fake You Out,2012,
357,Trench,Twenty One Pilots,Indietronica,Neon Gravestones,2018,
358,Vessel,Twenty One Pilots,Pop,Truce,2012,
359,Vessel,Twenty One Pilots,Pop,Fake You Out,2012,Kitchen speaker
360,Superman,Arash,Pop,One Day,2014,
361,The Bright Side,Lenka,Pop,Blue Skies,2015,
362,Unapologetic,Rihanna,Pop,Pour It Up,2012,
363,Unapologetic,Rihanna,Pop,Stay,2012,
364,Unapologetic,Rihanna,Pop,What Now,2012,
365,Unapologetic,Rihanna,Pop,Pour It Up,2012,TV
366,Pure Heroine,Lorde,Electropop,Tennis Court,2013,
367,Black Widow,In This Moment,Metalcore,Sex Metal Barbie,2014,
368,Blood,In This Moment,Metalcore,Whore,2012,
369,Mahandini,Dewa Budjana,Pop,Hyang Giri,2018,
370,You Get What You Give,Zac Brown Band,Country,Knee Deep,2010,
371,Big A Presents One Chance Riddim,Shenseea,Reggae,Time Up,2017,
372,Dedicated,Carly Rae Jepsen,Pop,Now That I Found You,2019,Bedroom speaker
373,When Was The Last Time,Darius Rucker,Country,If I Told You,2017,
374,When Was The Last Time,Darius Rucker,Country,If I Told You,2017,Kitchen speaker
375,Seventh Heaven,Ryutaro Nakahara,Anime,Din Don Dan,2015,
376,Summer Anthems,Common Kings,Reggae,No Other Love,2013,Kitchen speaker
377,Enredados,Alan Menken,Soundtracks,Kingdom Dance,2010,
378,My Dream,Karolina Protsenko,Pop,Despacito,2018,
379,Beautiful World,Connie Talbot,Pop,Count On Me,2012,
380,Elevate,Big Time Rush,Pop,Windows Down,2011,TV
381,A Star Is Born Soundtrack,Bradley Cooper,Soundtracks,Alibi,2018,
382,It Feel Good,Konshens,Reggae,Turn Me On,2017,
383,Red,Dia Frampton,Pop,Walk Away,2011,
384,Meliora,Ghost,Metal,Cirice,2015,Bedroom speaker
385,Kaleidoscope Dream,Miguel,Pop,Adorn,2012,TV
386,Spectrum,Westlife,Pop,Hello My Love,2019,
387,Happy Endings,Old Dominion,Country,Hotel Key,2017,
388,Ayo,Wizkid,Africa,Ojuelegba,2014,
389,Glory,Britney Spears,Pop,Slumber Party,2016,Bedroom speaker
390,Loud,Rihanna,Reggae,Man Down,2010,
391,Waves,Iakopo,Reggae,Never Letting Go,2019,
392,Dolla Van Riddim,Busy Signal,Reggae,Dolla Van,2018,
393,The Martin Garrix Experience,Martin Garrix,House,Ocean,2018,
394,Dance Again,Jennifer Lopez,Pop,Dance Again,2012,
395,Glory Sound Prep,Jon Bellion,Pop,Stupid Deep,2018,
396,Loud,Rihanna,Reggae,Man Down,2010,TV
397,Center Point Road,Thomas Rhett,Country,Look What God Gave Her,2019,
398,Happy Endings,Old Dominion,Country,Written In Sand,2017,
399,Raise Vibration,Lenny Kravitz,Rock,Low,2018,
400,Philharmonics,Agnes Obel,Folk,Riverside,2010,
401,Crazy,Ornette,Pop,Crazy,2011,
402,Center Point Road,Thomas Rhett,Country,Look What God Gave Her,2019,TV
403,California Sunrise,Jon Pardi,Country,Head Over Boots,2015,
404,Love Songs From A Lolita,Maty Noyes,Pop,New Friends,2018,
405,Limitless,The Piano Guys,Classical,Epiphany,2018,
406,Swim,Dan Snaith,Electropop,Sun,2010,
407,Night Train,Jason Aldean,Country,When She Says Baby,2012,
408,California Sunrise,Jon Pardi,Country,Head Over Boots,2015,TV
409,Euphoria,Enrique Iglesias,Pop,I Like It,2010,
410,Euphoria,Enrique Iglesias,Pop,Heartbeat,2010,Kitchen speaker
411,Cheap Smell,Sharon Kovacs,Pop,Cheap Smell,2018,
412,The Shocking Miss Emerald,Caro Emerald,Pop,Tangled Up,2013,
413,My Darkest Days,My Darkest Days,Rock,Porn Star Dancing,2010,
414,Odisea,Ozuna,Latin,El Farsante,2017,TV
415,The Satanist,Behemoth,Metal,O Father O Satan O Sun,2014,
416,Heroes,Sabaton,Metal,Night Witches,2014,TV
417,If I Know Me,Morgan Wallen,Country,Up Down,2018,
418,Sick Boy,The Chainsmokers,Pop,Everybody Hates Me,2018,
419,Sick Boy,The Chainsmokers,Pop,Somebody,2018,
420,Sick Boy,The Chainsmokers,Pop,Everybody Hates Me,2018,Bedroom speaker
421,Confident,Demi Lovato,Pop,Stone Cold,2015,
422,Confident,Demi Lovato,Pop,Stone Cold,2015,TV
423,This Is Acting,Sia,Pop,Bird Set Free,2015,
424,Expectations,Bebe Rexha,Pop,Knees,2018,
425,Sing To Me Instead,Ben Platt,Pop,Temporary Love,2019,
426,Blood,In This Moment,Metalcore,Adrenalize,2012,
427,Blood,In This Moment,Metalcore,Blood,2012,
428,Blood,In This Moment,Metalcore,Adrenalize,2012,TV
429,Lazy Genius,Ayo Jay,Reggae,Let Him Go,2018,
430,California Sunrise,Jon Pardi,Country,Night Shift,2016,
431,Awake,Illenium,Dubstep,Free Fall,2017,
432,Current Mood,Dustin Lynch,Country,Small Town Boy,2017,
433,Lazy Genius,Ayo Jay,Reggae,Let Him Go,2018,TV
434,Higher,Albert Posis,Pop,Serendipity,2012,
435,Jade Eagleson,Jade Eagleson,Country,Got Your Name On It,2018,
436,V,Adam Levine,Pop,Lost Stars,2014,TV
437,Where We Come From,Popcaan,Reggae,Addicted,2014,
438,Shatter Me,Lindsey Stirling,Pop,Roundtable Rival,2014,
439,Blues Of Desperation,Joe Bonamassa,Blues,Drive,2016,
440,Your Name,Radwimps,Soundtracks,Sparkle,2016,
441,Beautiful World,Connie Talbot,Pop,Count On Me,2012,Kitchen speaker
442,Expectations,Hayley Kiyoko,Pop,What I Need,2018,
443,Cry Pretty,Carrie Underwood,Pop,The Champion,2018,
444,Thank You,Meghan Trainor,Pop,Kindly Calm Me Down,2016,TV
445,Bloom,Troye Sivan,Pop,Lucky Strike,2018,
446,Sunset Season,Conan Gray,Pop,Generation Why,2018,
447,Good Company,The Dead South,Folk,Banjo Odyssey,2013,
448,Avril Lavigne,Avril Lavigne,Pop,Let Me Go,2013,
449,The Black,Asking Alexandria,Metalcore,The Black,2016,
450,Home State,Jordan Davis,Country,Singles You Up,2017,
451,Desperate Man,Eric Church,Country,Some Of It,2018,Bedroom speaker
452,Sing To Me Instead,Ben Platt,Pop,Bad Habit,2019,
453,Spectrum,Westlife,Pop,Better Man,2019,
454,Honky Tonk Time Machine,George Strait,Country,Every Little Honky Tonk Bar,2019,
455,Sing To Me Instead,Ben Platt,Pop,Grow As We Go,2019,
456,Sing To Me Instead,Ben Platt,Pop,Bad Habit,2019,Bedroom speaker
457,Frozen,Josh Gad,Soundtracks,In Summer,2013,
458,Love Crimes,Super Sako,Pop,Mi Gna,2016,Kitchen speaker
459,Outsider,Three Days Grace,Rock,Right Left Wrong,2018,
460,Pobrecita,Mo Temsamani,Pop,Mana Zina,2018,
461,Pobrecita,Mo Temsamani,Pop,Mana Zina,2018,TV
462,Khayali,Tamer Ashor,Pop,Mahzouz,2017,
463,Joytime,Marshmello,House,Find Me,2016,
464,Count Me In,Rebelution,Reggae,Roots Reggae Music,2014,
465,Cuz I Love You,Lizzo,Pop,Tempo,2019,
466,Khayali,Tamer Ashor,Pop,Mahzouz,2017,Bedroom speaker
467,Badlands,Halsey,Electropop,Control,2015,Bedroom speaker
468,If I Know Me,Morgan Wallen,Country,Up Down,2018,TV
469,Experiment,Kane Brown,Country,Lose It,2018,
470,Expectations,Hayley Kiyoko,Pop,Curious,2018,
471,Voicenotes,Charlie Puth,Pop,The Way I Am,2018,
472,Vandenynai,Linas Adomaitis,Pop,Vandenynai,2019,
473,Expectations,Hayley Kiyoko,Pop,Let It Be,2018,
474,Built On Glass,Nick Murphy,Electronica,Gold,2014,
475,Experiment,Kane Brown,Country,Lose It,2018,Bedroom speaker
476,The First Time,Kelsea Ballerini,Pop,Yeah Boy,2014,TV
477,Lindsey Stirling,Lindsey Stirling,Pop,Elements,2012,
478,Euphoria,Enrique Iglesias,Pop,Heartbeat,2010,TV
479,Redemption,Joe Bonamassa,Blues,Redemption,2018,
480,Always In Between,Jess Glynne,Pop,No One,2018,
481,Always In Between,Jess Glynne,Pop,All I Am,2018,TV
482,Radh,Mohammed Al Salem,Pop,Qalb Qalb Party,2016,TV
483,Only Love,Jordan Smith,Pop,Only Love,2018,TV
484,Sucker Punch,Sigrid,Pop,Business Dinners,2019,TV
485,We Need To Talk,Taylor Parks,Pop,I Want You,2019,TV
486,Pass The Jar,Zac Brown Band,Country,Colder Weather,2010,TV
487,Pop Evil,Pop Evil,Metalcore,Be Legendary,2018,Kitchen speaker
488,Title,Meghan Trainor,Pop,All About That Bass,2012,TV
489,For You,Selena Gomez,Pop,The Heart Wants What It Wants,2014,TV
490,Prequelle,Ghost,Metal,Rats,2018,TV
491,The Princess,Parov Stelar,Pop,All Night,2012,Bedroom speaker
492,Assume Form,James Blake,Pop,Mile High,2019,TV
493,Icarus Falls,Zayn Malik,Pop,Dusk Till Dawn,2017,Kitchen speaker
494,Nine Track Mind,Charlie Puth,Pop,Dangerously,2016,TV
495,Cloud Nine,Kygo,Downtempo,Carry Me,2016,TV
496,Hold You,Gyptian,Reggae,Hold You,2010,Kitchen speaker
497,Kuntry,Jawga Boyz,Country,Ridin High,2011,Bedroom speaker
498,Origins,Shallow Side,Rock,Try To Fight It,2012,Bedroom speaker
499,Avril Lavigne,Avril Lavigne,Pop,Give You What You Like,2013,Kitchen speaker
500,Dangerous Woman,Ariana Grande,Pop,Touch It,2016,TV
501,If I Know Me,Morgan Wallen,Country,The Way I Talk,2016,TV
502,Camila,Camila Cabello,Pop,Consequences,2018,Bedroom speaker
503,Heart Miles,Jai Waetford,Pop,Shy,2015,TV
504,Salam,Harris J,Pop,Salam Alaikum,2015,Kitchen speaker
505,Your Name,Radwimps,Rock,Zenzenzense,2016,TV
506,Overthinking,Shy Martin,Pop,Lose You Too,2018,TV
507,Sen Menga Kerak,Shahzoda,Pop,Qaynona,2014,Bedroom speaker
508,One More Light,Linkin Park,Electropop,Nobody Can Save Me,2017,TV
509,Pure Heroine,Lorde,Electropop,Team,2013,TV
510,Nirvana,The Motans,Pop,Nota De Plata,2017,TV
511,The Getaway,Red Hot Chili Peppers,Pop,Goodbye Angels,2016,TV
512,Talk That Talk,Rihanna,Pop,Where Have You Been,2011,TV
513,Joanne,Lady Gaga,Pop,John Wayne,2016,TV
514,Blues Of Desperation,Joe Bonamassa,Blues,Drive,2016,TV
515,Raees,Pavni Pandey,South Asia,Laila Main Laila,2017,TV
516,Born Free,Kid Rock,Rock,Born Free,2010,TV
517,Night Train,Jason Aldean,Country,When She Says Baby,2012,TV
518,Raise Vibration,Lenny Kravitz,Rock,Low,2018,TV
519,Only Love,Jordan Smith,Pop,Only Love,2018,Kitchen speaker
520,The Good Parts,Andy Grammer,Pop,Fresh Eyes,2016,TV
521,So Good,Zara Larsson,Pop,I Would Like,2016,TV
522,Narrated For You,Alec Benjamin,Pop,If We Have Each Other,2018,TV
523,Battleground,The Wanted,Pop,Glad You Came,2010,Kitchen speaker
524,The King Of Limbs,Radiohead,Electronica,Lotus Flower,2011,Kitchen speaker
525,Blonde,Frank Ocean,Pop,Self Control,2016,TV
526,Transmissions,Starset,Rock,Carnivore,2013,TV
527,Illuminate,Shawn Mendes,Pop,Treat You Better,2016,TV
528,Rearview Town,Jason Aldean,Country,Girl Like You,2018,TV
529,Seventh Heaven,Ryutaro Nakahara,Anime,Din Don Dan,2015,Kitchen speaker
530,This Is Acting,Sia,Pop,Unstoppable,2016,TV
531,Handwritten,Shawn Mendes,Pop,Never Be Alone,2015,TV
532,Bigger,Sugarland,Country,Babe,2017,TV
533,Cryptic,Billy Watman,Pop,Bohemian Rhapsody,2018,TV
534,Best Kind Of Mess,Get Scared,Rock,Sarcasm,2010,Bedroom speaker
535,Ana Keteer,Sherine,Pop,Ya Layali,2014,TV
536,Sick Boy,The Chainsmokers,Pop,Side Effects,2018,TV
537,Happy Endings,Old Dominion,Country,Written In Sand,2017,TV
538,Flicker,Niall Horan,Pop,On The Loose,2017,TV
539,Narrated For You,Alec Benjamin,Pop,If I Killed Someone For You,2018,Bedroom speaker
540,It Feel Good,Konshens,Reggae,Bruk Off Yuh Back,2016,Bedroom speaker
541,Blood,In This Moment,Metalcore,Whore,2012,TV
542,Raabta,Arijit Singh,South Asia,Ik Vaari Aa,2017,TV
543,Narrated For You,Alec Benjamin,Pop,Outrunning Karma,2018,TV
544,Bittersweet,Brunettes Shoot Blondes,Rock,Knock Knock,2014,TV
545,Happiness Begins,Jonas Brothers,Pop,Sucker,2019,TV
546,So Mi Like It,Spice,Reggae,So Mi Like It,2014,TV
547,Barefoot Blue Jean Night,Jake Owen,Country,Alone With You,2011,TV
548,Dedicated,Carly Rae Jepsen,Pop,Now That I Found You,2019,TV
549,My Everything,Ariana Grande,Pop,One Last Time,2014,TV
550,To Whom It May Concern,Blacklite District,Rock,The Struggle,2016,TV
551,Dance Again,Jennifer Lopez,Pop,Dance Again,2012,TV
552,Adobe Sessions,Cody Jinks,Country,Cast No Stones,2015,TV
553,Unapologetic,Rihanna,Pop,What Now,2012,TV
554,Unleashed Beyond,Skillet,Rock,The Resistance,2016,TV
555,Meliora,Ghost,Rock,He Is,2015,TV
556,The Greatest,Sia,Pop,The Greatest,2012,TV
557,Sex Rock,Alex Angel,Rock,My Donna,2018,TV
558,Sick Boy,The Chainsmokers,Pop,Somebody,2018,Bedroom speaker
559,The Mountain,Dierks Bentley,Country,Burning Man,2018,TV
560,Badlands,Halsey,Electropop,Gasoline,2015,Kitchen speaker
561,Tomahawk Technique,Sean Paul,Reggae,How Deep Is Your Love,2012,Kitchen speaker
562,Love Always,Shane Filan,Pop,Beautiful In White,2017,TV
563,Nirvana,The Motans,Pop,Nota De Plata,2017,Bedroom speaker
564,Joanne,Lady Gaga,Pop,John Wayne,2016,Kitchen speaker
565,Big A Presents One Chance Riddim,Shenseea,Reggae,Time Up,2017,TV
566,Yomonsan,Janob Rasul,Pop,Yomonsan,2017,Kitchen speaker
567,Love Songs From A Lolita,Maty Noyes,Pop,New Friends,2018,Bedroom speaker
568,Origins,Shallow Side,Rock,Try To Fight It,2012,TV
569,The New Classic,Iggy Azalea,Pop,Bounce,2013,Kitchen speaker
570,Voicenotes,Charlie Puth,Pop,Attention,2017,TV
571,Your Name,Radwimps,Soundtracks,Nandemonaiya,2016,Kitchen speaker
572,Thinking In Textures,Nick Murphy,Electronica,No Diggity,2012,Kitchen speaker
573,Gravity,Jason Chen,Pop,Music Never Sleeps,2011,TV
574,Dangerous Woman,Ariana Grande,Pop,Let Me Love You,2016,Kitchen speaker
575,Climate Change,Pitbull,Pop,Options,2017,
576,Forbidden,Todrick Hall,Pop,Dem Beats,2018,
577,Nine Track Mind,Charlie Puth,Pop,One Call Away,2015,
578,Madness,All That Remains,Rock,The Thunder Rolls,2017,
579,Climate Change,Pitbull,Pop,Options,2017,Bedroom speaker
580,Hallelujah Nights,Lanco,Country,Greatest Love Story,2017,
581,K,Kozoria,Rock,Worst Ends,2016,
582,Joytime,Marshmello,House,Take It Back,2015,
583,Camila,Camila Cabello,Pop,Real Friends,2017,
584,Sucker Punch,Sigrid,Pop,Strangers,2017,
585,Sing To Me Instead,Ben Platt,Pop,Temporary Love,2019,Kitchen speaker
586,Burlesque Original Motion Picture Soundtrack,Christina Aguilera,Soundtracks,Show Me How You Burlesque,2010,
587,Your Name,Radwimps,Rock,Zenzenzense,2016,
588,Tell Me You Love Me,Cheat Codes,Pop,No Promises,2017,TV
589,Sen Menga Kerak,Shahzoda,Pop,Qaynona,2014,
590,Ultraviolence,Lana Del Rey,Rock,Pretty When You Cry,2014,
591,Just Gonna Send It,Katie Noel,Country,Diesel Gang,2018,
592,Salam,Harris J,Pop,Salam Alaikum,2015,
593,Strange Pleasures,Still Corners,Electropop,The Trip,2013,
594,Sen Menga Kerak,Shahzoda,Pop,Qaynona,2014,Kitchen speaker
595,Ultraviolence,Lana Del Rey,Rock,Ultraviolence,2014,
596,Ancient Future,Protoje,Reggae,Who Knows,2014,
597,Crash My Party,Luke Bryan,Country,Roller Coaster,2013,
598,Loud,Rihanna,Reggae,Man Down,2010,Bedroom speaker
599,The New Classic,Iggy Azalea,Pop,Bounce,2013,TV
600,Kane Brown,Kane Brown,Country,What Ifs,2016,
601,Historical Misappropriation,Postmodern Jukebox,Jazz,All About That Bass,2014,
602,Historical Misappropriation,Postmodern Jukebox,Jazz,All About That Bass,2014,TV
603,Ana Keteer,Sherine,Pop,Ya Layali,2014,Kitchen speaker
604,Vessel,Twenty One Pilots,Pop,Fake You Out,2012,Bedroom speaker
605,Sex Rock,Alex Angel,Rock,Easy World,2018,Bedroom speaker
606,Flicker,Niall Horan,Pop,On The Loose,2017,Kitchen speaker
607,Nirvana,The Motans,Pop,Nota De Plata,2017,
608,Pitch Perfect,Anna Kendrick,Soundtracks,Cups,2012,
609,Reminiscence,Mattia Cupelli,Soundtracks,Love Lost,2014,
610,Icarus Falls,Zayn Malik,Pop,Dusk Till Dawn,2017,Bedroom speaker
611,Bittersweet,Brunettes Shoot Blondes,Rock,Knock Knock,2014,
612,Holy Fire,Foals,Indie,Late Night,2013,
613,Expectations,Bebe Rexha,Pop,I Got You,2010,Kitchen speaker
614,How Long,Charlie Puth,Pop,How Long,2017,
615,Voicenotes,Charlie Puth,Pop,Attention,2017,Kitchen speaker
616,Got Your Six,Five Finger Death Punch,Metal,Wash It All Away,2015,
617,Got Your Six,Five Finger Death Punch,Metal,I Apologize,2015,TV
618,Get Weird,Little Mix,Pop,Love Me Like You,2014,TV
619,Double Vision,Prince Royce,Pop,Back It Up,2015,TV
620,Fly,Karolina Protsenko,Pop,Let Me Love You,2018,
621,Current Mood,Dustin Lynch,Country,Small Town Boy,2017,Kitchen speaker
622,Rearview Town,Jason Aldean,Country,Rearview Town,2018,
623,Rearview Town,Jason Aldean,Country,You Make It Easy,2018,
624,Rearview Town,Jason Aldean,Country,Girl Like You,2018,Bedroom speaker
625,Dangerous Woman,Ariana Grande,Pop,Dangerous Woman,2016,
626,The Beautiful Game,Vulfpeck,Pop,Dean Town,2016,
627,The Getaway,Red Hot Chili Peppers,Pop,Dark Necessities,2016,TV
628,Blown Away,Carrie Underwood,Country,Blown Away,2012,
629,Untamed,Cam,Country,Burning House,2015,
630,Blastoff Blues,Ricky T And The Rockets,Blues,Memory Pain,2016,
631,Blues Of Desperation,Joe Bonamassa,Blues,Drive,2016,Kitchen speaker
632,Fight Song,Rachel Platten,Pop,Fight Song,2015,
633,Avril Lavigne,Avril Lavigne,Pop,Rock N Roll,2013,
634,Blonde,Frank Ocean,Pop,Ivy,2016,Bedroom speaker
635,Forever,Popcaan,Reggae,Wine For Me,2018,
636,Hat Nhan,Phan Dinh Tung,Pop,Khuc Hat Mung Sinh Nhat,2011,
637,Narrated For You,Alec Benjamin,Pop,The Water Fountain,2018,
638,Hat Nhan,Phan Dinh Tung,Pop,Khuc Hat Mung Sinh Nhat,2011,Kitchen speaker
639,Cloud Nine,Kygo,Downtempo,Carry Me,2016,Bedroom speaker
640,Blood,In This Moment,Metalcore,Adrenalize,2012,Bedroom speaker
641,Assume Form,James Blake,Pop,Mile High,2019,Kitchen speaker
642,Pain Killer,Little Big Town,Country,Girl Crush,2014,
643,Wonders,The Piano Guys,Classical,Let It Go,2014,
644,Happiness,Hurts,Pop,Wonderful Life,2010,TV
645,No Line Signal Likhat Ba,Shashi Lal Yadav,Country,Naya Naya Penhi Salwarba,2019,
646,Glory Days,Little Mix,Pop,Touch,2016,
647,Piano Songs,Froggy Fresh,Pop,Boyfriend,2018,TV
648,Illuminate,Shawn Mendes,Pop,Bad Reputation,2016,Bedroom speaker
649,Raees,Pavni Pandey,South Asia,Laila Main Laila,2017,
650,Purple Reign,Future,Soundtracks,Wicked,2016,
651,Enjoy Yourself,Billy Currington,Country,Let Me Down Easy,2010,
652,Expectations,Hayley Kiyoko,Pop,Sleepover,2017,
653,Expectations,Hayley Kiyoko,Pop,Curious,2018,TV
654,Kamayanbaghi,Hoba Hoba Spirit,Rock,Mchat,2018,Bedroom speaker
655,Dangerous Woman,Ariana Grande,Pop,Let Me Love You,2016,
656,Dangerous Woman,Ariana Grande,Pop,Touch It,2016,
657,My Everything,Ariana Grande,Pop,Best Mistake,2014,TV
658,Genesis,Mark Petrie,Classical,Kara Kul,2012,
659,Me And My Broken Heart,Push Baby,Pop,Me And My Broken Heart,2014,
660,Welcome Reality,Nero,Dubstep,Promises,2010,TV
661,Texoma Shore,Blake Shelton,Country,I Lived It,2017,
662,Lady Wood,Tove Lo,Electropop,Cool Girl,2016,
663,Handwritten,Shawn Mendes,Pop,Stitches,2015,Bedroom speaker
664,Dangerous Woman,Ariana Grande,Pop,Be Alright,2016,TV
665,Where We Come From,Popcaan,Reggae,Everything Nice,2013,
666,Voicenotes,Charlie Puth,Pop,The Way I Am,2018,Bedroom speaker
667,The Martin Garrix Experience,Martin Garrix,House,No Sleep,2019,
668,The Martin Garrix Experience,Martin Garrix,Pop,High On Life,2018,
669,The Martin Garrix Experience,Martin Garrix,House,Yottabyte,2018,
670,The Martin Garrix Experience,Martin Garrix,Pop,High On Life,2018,TV
671,Born This Way,Lady Gaga,Pop,Bloody Mary,2011,TV
672,Handwritten,Shawn Mendes,Pop,Something Big,2014,TV
673,One More Light,Linkin Park,Electropop,Nobody Can Save Me,2017,
674,One More Light,Linkin Park,Electropop,One More Light,2017,
675,One More Light,Linkin Park,Electropop,Battle Symphony,2017,Bedroom speaker
676,Thank You,Meghan Trainor,Pop,Me Too,2016,
677,The Pains Of Growing,Alessia Cara,Pop,Out Of Love,2018,TV
678,Burlesque Original Motion Picture Soundtrack,Christina Aguilera,Soundtracks,Show Me How You Burlesque,2010,TV
679,Elevate,Big Time Rush,Pop,Windows Down,2011,Bedroom speaker
680,The Seven Deadly Sins Original Soundtrack,Hiroyuki Sawano,Soundtracks,Perfect Time,2014,
681,Beauty Marks,Ciara,Pop,Thinkin Bout You,2019,Bedroom speaker
682,Loud,Rihanna,Pop,California King Bed,2011,TV
683,Sing To Me Instead,Ben Platt,Pop,Bad Habit,2019,TV
684,Illuminate,Shawn Mendes,Pop,Bad Reputation,2016,TV
685,Late Nights And Longnecks,Justin Moore,Country,Jesus And Jack Daniels,2019,
686,Unleashed Beyond,Skillet,Rock,The Resistance,2016,
687,Reminiscence,Mattia Cupelli,Soundtracks,Love Lost,2014,Kitchen speaker
688,Honky Tonk Time Machine,George Strait,Country,The Weight Of The Badge,2019,
689,Do It Again,Pia Mia,Pop,Do It Again,2015,
690,The Martin Garrix Experience,Martin Garrix,House,No Sleep,2019,Bedroom speaker
691,Caught Up In The Country,Rodney Atkins,Country,Caught Up In The Country,2018,
692,Brave Enough,Lindsey Stirling,Pop,The Arena,2016,
693,Good Company,The Dead South,Folk,Banjo Odyssey,2013,TV
694,Nine Track Mind,Charlie Puth,Pop,Dangerously,2016,Bedroom speaker
695,Golden Hour,Kacey Musgraves,Country,High Horse,2018,
696,Pentatonix,Pentatonix,Pop,Cheerleader,2015,
697,Heart Miles,Jai Waetford,Pop,Shy,2015,
698,Visions,Grimes,Electropop,Oblivion,2012,Kitchen speaker
699,Every Little Thing,Carly Pearce,Country,Every Little Thing,2017,
700,Brett Eldredge,Brett Eldredge,Country,Love Someone,2017,
701,Brett Young,Brett Young,Country,Mercy,2017,
702,Genesis,Mark Petrie,Classical,Kara Kul,2012,Bedroom speaker
703,Sinner,Aaron Lewis,Country,Lost And Lonely,2016,
704,Winter Collection,Sivik,Pop,High,2015,TV
705,Experiment,Kane Brown,Country,Homesick,2018,
706,Experiment,Kane Brown,Country,Weekend,2018,
707,Experiment,Kane Brown,Country,Homesick,2018,TV
708,Hold You,Gyptian,Reggae,Hold You,2010,
709,Mahandini,Dewa Budjana,Pop,Hyang Giri,2018,TV
710,Burlesque Original Motion Picture Soundtrack,Christina Aguilera,Soundtracks,Tough Lover,2010,Kitchen speaker
711,Kuntry,Jawga Boyz,Country,Ridin High,2011,
712,The Beginning,Sammielz,Reggae,Let Us Be,2014,Bedroom speaker
713,The Gaza Don,Vybz Kartel,Dancehall,Summer Time,2011,
714,The Gaza Don,Vybz Kartel,Dancehall,Summer Time,2011,TV
715,Random Access Memories,Daft Punk,Punk,Get Lucky,2013,
716,The African Gentleman,Ric Hassani,Pop,Only You,2017,
717,Ember,Breaking Benjamin,Rock,Tourniquet,2018,
718,Late Nights And Longnecks,Justin Moore,Country,Jesus And Jack Daniels,2019,Kitchen speaker
719,Fagun Ke Rang,Awadesh Premi Yadav,Folk,Suna Bhaiya Ke Sali,2019,
720,Kontraband,Kabaka Pyramid,Reggae,Reggae Music,2018,
721,Halcyon Days,Ellie Goulding,Pop,How Long Will I Love You,2010,TV
722,Men Halati,Farfashah,Pop,Ouf Menuh Qalbi,2018,Kitchen speaker
723,Party Never Ends,Inna,Pop,In Your Eyes,2013,
724,Party Never Ends,Inna,Pop,In Your Eyes,2013,Kitchen speaker
725,Try Again,Cindy Santos,Latin,Baby Sexy,2018,Bedroom speaker
726,Traveller,Chris Stapleton,Country,Tennessee Whiskey,2015,
727,The Beginning,Sammielz,Reggae,Let Us Be,2014,TV
728,Awake,Illenium,Dubstep,Free Fall,2017,TV
729,Sing To Me Instead,Ben Platt,Pop,Bad Habit,2019,Kitchen speaker
730,Random Access Memories,Daft Punk,Punk,Get Lucky,2013,TV
731,A War You Cannot Win,All That Remains,Metalcore,What If I Was Nothing,2012,
732,A War You Cannot Win,All That Remains,Metalcore,What If I Was Nothing,2012,TV
733,If I Know Me,Morgan Wallen,Country,Up Down,2018,Kitchen speaker
734,Pitch Perfect,Anna Kendrick,Soundtracks,Cups,2012,TV
735,Melodrama,Lorde,Electropop,Supercut,2017,
736,Camila,Camila Cabello,Pop,Consequences,2018,TV
737,Honky Tonk Time Machine,George Strait,Country,Codigo,2018,TV
738,Creeker,Upchurch,Rock,Pond Creek Road,2018,
739,Fly,Karolina Protsenko,Pop,Girls Like You,2018,TV
740,If I Know Me,Morgan Wallen,Country,The Way I Talk,2016,Kitchen speaker
741,No More Hollywood Endings,Battle Beast,Metal,Eden,2019,Kitchen speaker
742,In A Truck Right Now,Riley Green,Country,There Was This Girl,2018,
743,Laps Around The Sun,Chris Lane,Country,Take Back Home Girl,2017,
744,A Star Is Born Soundtrack,Lady Gaga,Soundtracks,Before I Cry,2018,Bedroom speaker
745,Glory Days,Little Mix,Pop,No More Sad Songs,2017,
746,Glory Days,Little Mix,Pop,Power,2017,
747,Glory Days,Little Mix,Pop,No More Sad Songs,2017,Bedroom speaker
748,Black Smoke Rising,Greta Van Fleet,Rock,Highway Tune,2017,Bedroom speaker
749,Crooked Teeth,Papa Roach,Metal,Born For Greatness,2017,TV
750,Inna,Inna,Pop,Bad Boys,2015,
751,Talk That Talk,Rihanna,Pop,Where Have You Been,2011,
752,Teenage Dream,Katy Perry,Pop,Teenage Dream,2010,
753,The Princess,Parov Stelar,Pop,All Night,2012,TV
754,Stony Hill,Damian Marley,Reggae,Speak Life,2017,
755,The Hunting Party,Linkin Park,Metal,Final Masquerade,2014,Kitchen speaker
756,Witness,Katy Perry,Electropop,Swish Swish,2010,
757,Rearview Town,Jason Aldean,Country,Girl Like You,2018,Kitchen speaker
758,Lush Life,Zara Larsson,Pop,Lush Life,2015,
759,The Greatest,Sia,Pop,The Greatest,2012,
760,One More Light,Linkin Park,Electropop,Good Goodbye,2017,TV
761,Singular Act I,Sabrina Carpenter,Pop,Paris,2018,Kitchen speaker
762,Tomboy,Destiny Rogers,Pop,Tomboy,2019,
763,Transmissions,Starset,Rock,It Has Begun,2014,
764,Ardhito Pramono,Ardhito Pramono,Jazz,The Bitterlove,2017,
765,Rockefeller Street,Getter Jaani,Pop,Rockefeller Street,2011,
766,Old Diary,La Min Phyu,Pop,Stage Show,2018,TV
767,Mirrorwriting,Jamie Woon,Electronica,Lady Luck,2011,Bedroom speaker
768,Who You Are,Jessie J,Pop,Mamma Knows Best,2011,
769,After Laughter,Paramore,Rock,Hard Times,2017,TV
770,Dark Horse,Devin Dawson,Country,All On Me,2017,TV
771,Vessel,Twenty One Pilots,Pop,Fake You Out,2012,TV
772,Sick Boy,The Chainsmokers,Pop,Everybody Hates Me,2018,TV
773,Voicenotes,Charlie Puth,Pop,The Way I Am,2018,TV
774,Harry Styles,Harry Styles,Rock,Kiwi,2017,
775,Singular Act I,Sabrina Carpenter,Pop,Almost Love,2018,Bedroom speaker
776,The Princess,Parov Stelar,Pop,All Night,2012,Kitchen speaker
777,Muse Box,Madilyn Bailey,Pop,Titanium,2012,
778,Summer House,Concorde,Pop,Just Kiss Her,2012,TV
779,Caroline,Citizen Soldier,Rock,Let It Burn,2017,TV
780,Black Widow,In This Moment,Metalcore,Sex Metal Barbie,2014,TV
781,My Dream,Karolina Protsenko,Pop,Despacito,2018,TV
782,Enjoy Yourself,Billy Currington,Country,Let Me Down Easy,2010,TV
783,Bu Muhabbat,Shahzoda,Pop,Chicco,2013,Bedroom speaker
784,Speak Now,Taylor Swift,Pop,The Story Of Us,2010,TV
785,Handwritten,Shawn Mendes,Pop,Aftertaste,2015,TV
786,Old Diary,La Min Phyu,Pop,Stage Show,2018,Kitchen speaker
787,The Martin Garrix Experience,Martin Garrix,House,No Sleep,2019,TV
788,Purple Reign,Future,Soundtracks,Wicked,2016,Bedroom speaker
789,Swim,Dan Snaith,Electropop,Sun,2010,TV
790,The Martin Garrix Experience,Martin Garrix,House,Yottabyte,2018,TV
791,Last Year Was Complicated,Nick Jonas,Pop,Under You,2016,TV
792,Creeker,Upchurch,Rock,Pond Creek Road,2018,TV
793,Dzieciom,Lao Che,Rock,Wojenka,2015,TV
794,Badlands,Halsey,Electropop,Ghost,2014,TV
795,Philharmonics,Agnes Obel,Folk,Riverside,2010,TV
796,Purpose,Justin Bieber,Pop,Sorry,2010,TV
797,Purpose,Justin Bieber,Pop,Sorry,2010,Kitchen speaker
798,Summer Anthems,Common Kings,Reggae,No Other Love,2013,Bedroom speaker
799,Bittersweet,Brunettes Shoot Blondes,Rock,Knock Knock,2014,Bedroom speaker
800,Camila,Camila Cabello,Pop,Consequences,2018,Kitchen speaker
801,Expectations,Bebe Rexha,Pop,Knees,2018,TV
802,Badlands,Halsey,Electropop,Ghost,2014,Kitchen speaker
803,It Feel Good,Konshens,Reggae,Turn Me On,2017,Bedroom speaker
804,Black Widow,In This Moment,Metalcore,Sex Metal Barbie,2014,Kitchen speaker
805,Trench,Twenty One Pilots,Indietronica,Neon Gravestones,2018,TV
806,Spectrum,Westlife,Pop,Better Man,2019,Kitchen speaker
807,Gotta Be Me,Cody Johnson,Country,With You I Am,2016,TV
808,Safe Haven,Ruth B,Pop,Superficial Love,2015,TV
809,Brett Eldredge,Brett Eldredge,Country,Love Someone,2017,Kitchen speaker
810,El Hombre,El Alfa,Latin,Suave,2017,TV
811,Enjoy Yourself,Billy Currington,Country,Let Me Down Easy,2010,Bedroom speaker
812,Love Town,Kolohe Kai,Reggae,First True Love,2011,TV
813,Thank You,Meghan Trainor,Pop,Me Too,2016,TV
814,Witness,Katy Perry,Pop,Hey Hey Hey,2017,TV
815,Night Visions,Imagine Dragons,Rock,Radioactive,2012,Bedroom speaker
816,Outsider,Three Days Grace,Rock,The Mountain,2018,TV
817,Honky Tonk Time Machine,George Strait,Country,Every Little Honky Tonk Bar,2019,TV
818,Born This Way,Lady Gaga,Pop,Bloody Mary,2011,Kitchen speaker
819,Blonde,Frank Ocean,Pop,Ivy,2016,TV
820,How Long,Charlie Puth,Pop,How Long,2017,Kitchen speaker
821,The Getaway,Red Hot Chili Peppers,Pop,Go Robot,2016,Kitchen speaker
822,The Last Stand,Sabaton,Metal,The Lost Battalion,2016,Kitchen speaker
823,Avril Lavigne,Avril Lavigne,Pop,Rock N Roll,2013,TV
824,The Night We Met,Lord Huron,Rock,The Night We Met,2015,TV
825,You Know I Know,Olly Murs,Pop,Moves,2018,TV
826,Anesthetic,Mark Morton,Metal,Cross Off,2019,Bedroom speaker
827,Sing To Me Instead,Ben Platt,Pop,Grow As We Go,2019,Bedroom speaker
828,The Martin Garrix Experience,Martin Garrix,House,Latency,2018,TV
829,Pop Food,Jack Stauber,Pop,Buttercup,2017,TV
830,Built On Glass,Nick Murphy,Electronica,Gold,2014,Bedroom speaker
831,Chapters,Yuna,Pop,Crush,2016,Kitchen speaker
832,Fight Song,Rachel Platten,Pop,Fight Song,2015,Bedroom speaker
833,Trench,Twenty One Pilots,Indietronica,Neon Gravestones,2018,Bedroom speaker
834,Limitless,The Piano Guys,Classical,Epiphany,2018,Bedroom speaker
835,Icarus Falls,Zayn Malik,Pop,Satisfaction,2018,Bedroom speaker
836,Quarter,Witwisit Hiranyawongkul,Pop,Fortunately I Met You,2014,TV
837,Crazy,Ornette,Pop,Crazy,2011,TV
838,When Was The Last Time,Darius Rucker,Country,If I Told You,2017,Bedroom speaker
839,Kamayanbaghi,Hoba Hoba Spirit,Rock,Mchat,2018,TV
840,Ready,Ruel,Pop,Younger,2018,TV
841,Instant Regrets,Instant Regrets,Rock,Instant Regret,2018,Kitchen speaker
842,Unapologetically,Kelsea Ballerini,Country,Miss Me More,2017,TV
843,Late Nights And Longnecks,Justin Moore,Country,Jesus And Jack Daniels,2019,TV
844,Glory Days,Little Mix,Pop,Power,2017,TV
845,Your Name,Radwimps,Soundtracks,Nandemonaiya,2016,TV
846,Evolution,Disturbed,Rock,Are You Ready,2018,Kitchen speaker
847,Pure Heroine,Lorde,Electropop,Tennis Court,2013,TV
848,Tomboy,Destiny Rogers,Pop,Tomboy,2019,TV
849,Firestone,Kygo,Downtempo,Firestone,2014,TV
850,Salam,Harris J,Pop,Salam Alaikum,2015,TV
851,Always In Between,Jess Glynne,Pop,No One,2018,TV
852,Pumped Up Kicks,Foster The People,Indie,Pumped Up Kicks,2010,TV
853,Glory Days,Little Mix,Pop,No More Sad Songs,2017,TV
854,What Makes You Country,Luke Bryan,Country,What Makes You Country,2017,Kitchen speaker
855,Sing To Me Instead,Ben Platt,Pop,Grow As We Go,2019,TV
856,Charice,Jake Zyrus,Pop,Pyramid,2010,TV
857,Sunset Season,Conan Gray,Pop,Generation Why,2018,TV
858,Got Your Six,Five Finger Death Punch,Metal,I Apologize,2015,Bedroom speaker
859,The Tattva Trip,Suraj Mani,Rock,The Tattva Trip,2012,TV
860,K,Kozoria,Rock,Worst Ends,2016,Kitchen speaker
861,Happy Endings,Old Dominion,Country,Hotel Key,2017,TV
862,Amos,Michael Ray,Country,One That Got Away,2018,Bedroom speaker
863,Thinking In Textures,Nick Murphy,Electronica,No Diggity,2012,Bedroom speaker
864,Lady Wood,Tove Lo,Electropop,Cool Girl,2016,TV
865,Lindsey Stirling,Lindsey Stirling,Pop,Crystallize,2012,TV
866,Expectations,Hayley Kiyoko,Pop,Let It Be,2018,TV
867,Stony Hill,Damian Marley,Reggae,Speak Life,2017,TV
868,Peace Of Mind,Rebelution,Reggae,So High,2011,TV
869,To Whom It May Concern,Blacklite District,Rock,Them Days,2016,Kitchen speaker
870,Beautiful World,Connie Talbot,Pop,Count On Me,2012,Bedroom speaker
871,Yours,Russell Dickerson,Country,Yours,2015,TV
872,The Awakening,Onlap,Rock,The Awakening,2011,Bedroom speaker
873,Sing To Me Instead,Ben Platt,Pop,Temporary Love,2019,TV
874,The Devil You Know,Blues Saraceno,Rock,The Devil You Know,2018,TV
875,Sick Boy,The Chainsmokers,Pop,Side Effects,2018,Bedroom speaker
876,Golden Hour,Kacey Musgraves,Country,Butterflies,2018,TV
877,Torches,Foster The People,Indie,Houdini,2011,TV
878,Presence,Petit Biscuit,Electronica,Sunset Lover,2015,
879,Assume Form,James Blake,Pop,Barefoot In The Park,2019,Kitchen speaker
880,The Beautiful Game,Vulfpeck,Pop,Dean Town,2016,TV
881,Fagun Ke Rang,Awadesh Premi Yadav,Folk,Suna Bhaiya Ke Sali,2019,Bedroom speaker
882,Pure Heroine,Lorde,Electropop,Buzzcut Season,2013,Kitchen speaker
883,Sunset Season,Conan Gray,Pop,Generation Why,2018,Bedroom speaker
884,Best Kind Of Mess,Get Scared,Rock,Sarcasm,2010,
885,Best Kind Of Mess,Get Scared,Rock,Sarcasm,2010,TV
886,Ores Aixmis,Malou Kyriakopoulou,Pop,Tous Eipes Pos,2015,
887,Ores Aixmis,Malou Kyriakopoulou,Pop,Tous Eipes Pos,2015,Kitchen speaker
888,Elements,Ludovico Einaudi,Classical,Night,2015,Bedroom speaker
889,Count Me In,Rebelution,Reggae,Roots Reggae Music,2014,Bedroom speaker
890,Sucker Punch,Sigrid,Pop,Strangers,2017,TV
891,Sunset Season,Conan Gray,Pop,Lookalike,2018,TV
892,Demi,Demi Lovato,Pop,Neon Lights,2013,
893,The Devil You Know,Blues Saraceno,Rock,The Devil You Know,2018,
894,Intuition,Tyler Shaw,Pop,With You,2018,
895,Intuition,Tyler Shaw,Pop,With You,2018,Kitchen speaker
896,El Hombre,El Alfa,Latin,Suave,2017,
897,Narrated For You,Alec Benjamin,Pop,If We Have Each Other,2018,
898,A True Master,Yi Nantiro,Soundtracks,A True Master,2018,
899,This Is Acting,Sia,Pop,Bird Set Free,2015,Kitchen speaker
900,All The Little Lights,Passenger,Pop,Let Her Go,2010,Bedroom speaker
901,Avril Lavigne,Avril Lavigne,Pop,Give You What You Like,2013,
902,Sick Boy,The Chainsmokers,Pop,Hope,2018,TV
903,The Getaway,Red Hot Chili Peppers,Pop,Goodbye Angels,2016,Kitchen speaker
904,Golden Hour,Kacey Musgraves,Country,Space Cowboy,2018,
905,Title,Meghan Trainor,Pop,All About That Bass,2012,Kitchen speaker
906,Stories,Avicii,Pop,Broken Arrows,2015,TV
907,Coming Home,Kristin Chenoweth,Pop,Maybe This Time,2014,TV
908,Anchor,Mindy Gledhill,Pop,I Do Adore,2010,TV
909,Golden Hour,Kacey Musgraves,Country,Butterflies,2018,
910,Finest Dubs Outta Jamaica,Augustus Pablo,Reggae,Dub Scene,2018,
911,The Dragonborn Comes,Malukah,Soundtracks,The Dragonborn Comes,2015,
912,Narrated For You,Alec Benjamin,Pop,Let Me Down Slowly,2018,
913,King Of Everything,Jinjer,Metal,Pisces,2016,TV
914,Forbidden,Todrick Hall,Pop,Dem Beats,2018,TV
915,My Everything,Ariana Grande,Pop,Best Mistake,2014,Bedroom speaker
916,No Roots,Alice Merton,Pop,No Roots,2016,
917,Harry Styles,Harry Styles,Rock,Two Ghosts,2017,
918,Mud,Whiskey Myers,Country,Stone,2016,
919,Bigger,Sugarland,Country,Babe,2017,Kitchen speaker
920,Witness,Katy Perry,Pop,Hey Hey Hey,2017,
921,Play Me Again,Kid Francescoli,Pop,Moon,2017,
922,A Soe Htae Ka A Kaung,Kaung Kaung,Pop,Pyaw Nay Par,2018,TV
923,Narrated For You,Alec Benjamin,Pop,Gotta Be A Reason,2018,Bedroom speaker
924,The Shocking Miss Emerald,Caro Emerald,Pop,Tangled Up,2013,TV
925,The Bright Side,Lenka,Pop,Blue Skies,2015,Kitchen speaker
926,Cloud Nine,Kygo,Downtempo,Raging,2016,TV
927,Evolution,Disturbed,Rock,No More,2018,TV
928,Different World,Alan Walker,Pop,Darkside,2018,
929,Just Gonna Send It,Katie Noel,Country,Diesel Gang,2018,TV
930,Hallelujah Nights,Lanco,Country,Greatest Love Story,2017,TV
931,Spectrum,Westlife,Pop,Better Man,2019,Bedroom speaker
932,Narrated For You,Alec Benjamin,Pop,Outrunning Karma,2018,
933,Narrated For You,Alec Benjamin,Pop,Boy In The Bubble,2018,Bedroom speaker
934,Badlands,Halsey,Electropop,Colors,2015,Bedroom speaker
935,Burlesque Original Motion Picture Soundtrack,Christina Aguilera,Soundtracks,Tough Lover,2010,Bedroom speaker
936,Wake Up Dreaming,Stephanie Mabey,Pop,The Zombie Song,2012,TV
937,This Is Acting,Sia,Pop,Alive,2013,Bedroom speaker
938,To Whom It May Concern,Blacklite District,Rock,The Struggle,2016,
939,To Whom It May Concern,Blacklite District,Rock,Them Days,2016,
940,To Whom It May Concern,Blacklite District,Rock,Them Days,2016,TV
941,Evolution,Disturbed,Rock,Are You Ready,2018,TV
942,Ultraviolence,Lana Del Rey,Rock,Pretty When You Cry,2014,Bedroom speaker
943,Mercury Lane,Jimmie Allen,Country,Best Shot,2018,TV
944,Honky Tonk Time Machine,George Strait,Country,Every Little Honky Tonk Bar,2019,Bedroom speaker
945,Last Daze Of Summer,Maleek Berry,Africa,Kontrol,2016,TV
946,Love Always,Shane Filan,Pop,Beautiful In White,2017,Bedroom speaker
947,Home State,Jordan Davis,Country,Take It From Me,2017,
948,Home State,Jordan Davis,Country,Singles You Up,2017,Bedroom speaker
949,Dark Horse,Devin Dawson,Country,All On Me,2017,Bedroom speaker
950,The Martin Garrix Experience,Martin Garrix,Pop,High On Life,2018,Bedroom speaker
951,Got Your Six,Five Finger Death Punch,Metal,I Apologize,2015,Kitchen speaker
952,Hat Nhan,Phan Dinh Tung,Pop,Khuc Hat Mung Sinh Nhat,2011,TV
953,Kaleidoscope Dream,Miguel,Pop,Adorn,2012,Kitchen speaker
954,Prequelle,Ghost,Metal,Rats,2018,
955,Demi,Demi Lovato,Pop,Neon Lights,2013,TV
956,Elly Gai Ahla,Tamer Hosny,Pop,Elli Gai Ahla,2011,
957,Forever,Popcaan,Reggae,Silence,2018,
958,Kontraband,Kabaka Pyramid,Reggae,Reggae Music,2018,Kitchen speaker
959,The New Classic,Iggy Azalea,Pop,Black Widow,2014,Bedroom speaker
960,The Present Tense,Courier,Pop,San Francisco,2016,TV
961,La La Land,La La Land Cast,Soundtracks,Another Day Of Sun,2016,TV
962,Joytime,Marshmello,House,Take It Back,2015,TV
963,Kamayanbaghi,Hoba Hoba Spirit,Rock,Mchat,2018,Kitchen speaker
964,Double Vision,Prince Royce,Pop,Back It Up,2015,Kitchen speaker
965,Mercury Lane,Jimmie Allen,Country,Best Shot,2018,Bedroom speaker
966,Vale,Black Veil Brides,Rock,Wake Up,2018,
967,The Story,Fivefold,Rock,Lost Within,2012,Kitchen speaker
968,Amos,Michael Ray,Country,One That Got Away,2018,TV
969,Oak Island,Our Last Night,Metalcore,Same Old War,2013,
970,Ancient Future,Protoje,Reggae,Who Knows,2014,TV
971,It Feel Good,Konshens,Reggae,Turn Me On,2017,TV
972,Thank You Happy Birthday,Cage The Elephant,Rock,Shake Me Down,2011,Bedroom speaker
973,Pure Heroine,Lorde,Electropop,Buzzcut Season,2013,TV
974,Forever,Popcaan,Reggae,Wine For Me,2018,Bedroom speaker
975,Where We Come From,Popcaan,Reggae,Addicted,2014,TV
976,Elly Gai Ahla,Tamer Hosny,Pop,Elli Gai Ahla,2011,Kitchen speaker
977,A Star Is Born Soundtrack,Bradley Cooper,Soundtracks,Black Eyes,2018,
978,A Star Is Born Soundtrack,Bradley Cooper,Soundtracks,Black Eyes,2018,Kitchen speaker
979,What Are Words,Chris Medina,Pop,What Are Words,2011,
980,Raise Vibration,Lenny Kravitz,Rock,Low,2018,Kitchen speaker
981,So Mi Like It,Spice,Reggae,So Mi Like It,2014,
982,The Descent,Kevin Macleod,Soundtracks,Nerves,2014,
983,Contraband,Madcon,Pop,Glow,2010,Bedroom speaker
984,Foundation,Shatta Wale,Reggae,Shatta Movement,2015,TV
985,In A Truck Right Now,Riley Green,Country,There Was This Girl,2018,TV
986,Barefoot Blue Jean Night,Jake Owen,Country,Alone With You,2011,Bedroom speaker
987,Fly,Karolina Protsenko,Pop,Let Me Love You,2018,Kitchen speaker
988,Forbidden,Todrick Hall,Pop,Dem Beats,2018,Kitchen speaker
989,Golden Hour,Kacey Musgraves,Country,Slow Burn,2018,TV
990,Bu Muhabbat,Shahzoda,Pop,Chicco,2013,TV
991,Fly,Karolina Protsenko,Pop,Girls Like You,2018,Kitchen speaker
992,Vale,Black Veil Brides,Rock,Wake Up,2018,TV
993,Bollywood Monsoon Special,Meet Bros,South Asia,Cham Cham,2016,Kitchen speaker
994,My Dream,Karolina Protsenko,Pop,Despacito,2018,Kitchen speaker
995,Camila,Camila Cabello,Pop,Real Friends,2017,Bedroom speaker
996,Sick Boy,The Chainsmokers,Pop,Hope,2018,Bedroom speaker
997,Tomahawk Technique,Sean Paul,Reggae,How Deep Is Your Love,2012,Bedroom speaker
998,Alkaline Masterpiece,Alkaline,Reggae,Pretty Girl Team,2017,TV
999,Dangerous Woman,Ariana Grande,Pop,Focus,2015,TV
1000,Infestissumam,Ghost,Metal,Year Zero,2013,TV
1001,Ayo,Wizkid,Africa,Ojuelegba,2014,Bedroom speaker
1002,Muse Box,Madilyn Bailey,Pop,Titanium,2012,TV
1003,Get Weird,Little Mix,Pop,Love Me Like You,2014,Kitchen speaker
1004,Icarus Falls,Zayn Malik,Pop,Good Years,2018,Kitchen speaker
1005,California Sunrise,Jon Pardi,Country,Night Shift,2016,TV
1006,Your Name,Radwimps,Rock,Dream Lantern,2016,TV
1007,Heart Miles,Jai Waetford,Pop,Shy,2015,Bedroom speaker
1008,Kontraband,Kabaka Pyramid,Reggae,Reggae Music,2018,Bedroom speaker
1009,K,Kozoria,Rock,Worst Ends,2016,TV
1010,This Is Acting,Sia,Pop,Move Your Body,2016,
1011,Narrated For You,Alec Benjamin,Pop,Boy In The Bubble,2018,TV
1012,Higher,Albert Posis,Pop,Serendipity,2012,TV
1013,Joytime,Marshmello,House,Summer,2015,Bedroom speaker
1014,Holo,Limbo,Pop,Airplane Mode,2017,TV
1015,The Last Stand,Sabaton,Metal,Winged Hussars,2016,Kitchen speaker
1016,Presence,Petit Biscuit,Electronica,Sunset Lover,2015,Bedroom speaker
1017,The Last Stand,Sabaton,Metal,Winged Hussars,2016,Bedroom speaker
1018,Free Spirit,Khalid,Pop,Better,2018,TV
1019,Summer House,Concorde,Pop,Just Kiss Her,2012,Bedroom speaker
1020,Gotta Be Me,Cody Johnson,Country,With You I Am,2016,Bedroom speaker
1021,The Getaway,Red Hot Chili Peppers,Pop,Goodbye Angels,2016,Bedroom speaker
1022,Dangerous Woman,Ariana Grande,Pop,Be Alright,2016,Kitchen speaker
1023,Handwritten,Shawn Mendes,Pop,Stitches,2015,TV
1024,Honky Tonk Time Machine,George Strait,Country,Codigo,2018,Bedroom speaker
1025,The Martin Garrix Experience,Martin Garrix,House,Latency,2018,Bedroom speaker
1026,My Kinda Party,Jason Aldean,Country,Dirt Road Anthem,2010,TV
1027,Unapologetically,Kelsea Ballerini,Country,Miss Me More,2017,Bedroom speaker
1028,Crash My Party,Luke Bryan,Country,Roller Coaster,2013,TV
1029,The New Classic,Iggy Azalea,Pop,Black Widow,2014,TV
1030,The End Is Where We Begin,Thousand Foot Krutch,Rock,Courtesy Call,2012,Bedroom speaker
1031,Voicenotes,Charlie Puth,Pop,Attention,2017,Bedroom speaker
1032,Joytime,Marshmello,House,Find Me,2016,TV
1033,A War You Cannot Win,All That Remains,Metalcore,What If I Was Nothing,2012,Kitchen speaker
1034,Expectations,Bebe Rexha,Pop,Knees,2018,Bedroom speaker
1035,Joytime,Marshmello,House,Keep It Mello,2015,Kitchen speaker
1036,Euphoria,Enrique Iglesias,Pop,I Like It,2010,Bedroom speaker
1037,Ayo,Wizkid,Africa,Ojuelegba,2014,Kitchen speaker
1038,Prequelle,Ghost,Metal,Dance Macabre,2018,TV
1039,Meliora,Ghost,Metal,Cirice,2015,Kitchen speaker
1040,Loser,Sasha Sloan,Pop,Older,2018,Bedroom speaker
1041,Awake,Illenium,Dubstep,Free Fall,2017,Kitchen speaker
1042,Brave Enough,Lindsey Stirling,Pop,The Arena,2016,TV
1043,This Is Acting,Sia,Pop,Bird Set Free,2015,TV
1044,Heroes,Sabaton,Metal,Night Witches,2014,Kitchen speaker
1045,Thank You,Meghan Trainor,Pop,Kindly Calm Me Down,2016,Kitchen speaker
1046,Center Point Road,Thomas Rhett,Country,Look What God Gave Her,2019,Kitchen speaker
1047,Unapologetic,Rihanna,Pop,Stay,2012,TV
1048,Oak Island,Our Last Night,Metalcore,Same Old War,2013,Kitchen speaker
1049,Borbena,Teodora,Folk,Tom Ford,2019,
1050,Singular Act I,Sabrina Carpenter,Pop,Paris,2018,Bedroom speaker
1051,Camila,Camila Cabello,Pop,She Loves Control,2018,
1052,Wake Up Dreaming,Stephanie Mabey,Pop,The Zombie Song,2012,Kitchen speaker
1053,This Is Acting,Sia,Pop,Alive,2013,Kitchen speaker
1054,Current Mood,Dustin Lynch,Country,Small Town Boy,2017,TV
1055,Where We Come From,Popcaan,Reggae,Addicted,2014,Bedroom speaker
1056,Holo,Limbo,Pop,Airplane Mode,2017,Bedroom speaker
1057,Badlands,Halsey,Electropop,Colors,2015,Kitchen speaker
1058,Glory Sound Prep,Jon Bellion,Pop,Stupid Deep,2018,Bedroom speaker
1059,Foundation,Shatta Wale,Reggae,Shatta Movement,2015,Kitchen speaker
1060,Arcadia,Eurielle,Pop,Hate Me,2015,Kitchen speaker
1061,Sing To Me Instead,Ben Platt,Pop,Ease My Mind,2019,Kitchen speaker
1062,Seventh Heaven,Ryutaro Nakahara,Anime,Din Don Dan,2015,Bedroom speaker
1063,The Pains Of Growing,Alessia Cara,Pop,Out Of Love,2018,Kitchen speaker
1064,Expectations,Hayley Kiyoko,Pop,Curious,2018,Bedroom speaker
1065,Joytime,Marshmello,House,Blocks,2016,TV
1066,Joanne,Lady Gaga,Pop,Joanne,2016,
1067,Muse Box,Madilyn Bailey,Pop,Titanium,2012,Kitchen speaker
1068,Wonders,The Piano Guys,Classical,Let It Go,2014,Kitchen speaker
1069,My Kinda Party,Jason Aldean,Country,Dirt Road Anthem,2010,Kitchen speaker
1070,You Get What You Give,Zac Brown Band,Country,Knee Deep,2010,Kitchen speaker
1071,Icarus Falls,Zayn Malik,Pop,Good Years,2018,TV
1072,Kiss,Carly Rae Jepsen,Pop,Call Me Maybe,2011,Kitchen speaker
1073,Try Again,Cindy Santos,Latin,Baby Sexy,2018,TV
1074,Honky Tonk Time Machine,George Strait,Country,The Weight Of The Badge,2019,Bedroom speaker
1075,Assume Form,James Blake,Pop,Barefoot In The Park,2019,Bedroom speaker
1076,My Everything,Ariana Grande,Pop,Be My Baby,2014,Kitchen speaker
1077,Ultraviolence,Lana Del Rey,Rock,Pretty When You Cry,2014,TV
1078,Intuition,Tyler Shaw,Pop,With You,2018,TV
1079,Transmissions,Starset,Rock,It Has Begun,2014,Kitchen speaker
1080,Joytime,Marshmello,House,Blocks,2016,Kitchen speaker
1081,Bollywood Monsoon Special,Meet Bros,South Asia,Cham Cham,2016,TV
1082,Experiment,Kane Brown,Country,Homesick,2018,Bedroom speaker
1083,This Is Acting,Sia,Pop,Move Your Body,2016,TV
1084,Party Never Ends,Inna,Pop,In Your Eyes,2013,TV
1085,Stories,Avicii,Pop,Broken Arrows,2015,Bedroom speaker
1086,No More Hollywood Endings,Battle Beast,Metal,Eden,2019,TV
1087,The African Gentleman,Ric Hassani,Pop,Only You,2017,TV
1088,The Story,Fivefold,Rock,Lost Within,2012,TV
1089,Sunset Season,Conan Gray,Pop,Generation Why,2018,Kitchen speaker
1090,Party Rock Mansion,Redfoo,Pop,New Thang,2014,Kitchen speaker
1091,Peace Of Mind,Rebelution,Reggae,So High,2011,Kitchen speaker
1092,Narrated For You,Alec Benjamin,Pop,Gotta Be A Reason,2018,TV
1093,Mint,Alice Merton,Pop,Why So Serious,2018,TV
1094,Thinking In Textures,Nick Murphy,Electronica,No Diggity,2012,TV
1095,Sucker Punch,Sigrid,Pop,Business Dinners,2019,Bedroom speaker
1096,Random Access Memories,Daft Punk,Punk,Get Lucky,2013,Kitchen speaker
1097,Kuntry,Jawga Boyz,Country,All The Girls Wanna Ride,2011,Kitchen speaker
1098,Narrated For You,Alec Benjamin,Pop,Boy In The Bubble,2018,Kitchen speaker
1099,A Boy From Tandale,Diamond Platnumz,Pop,African Beauty,2018,Bedroom speaker
1100,Cuz I Love You,Lizzo,Pop,Tempo,2019,Bedroom speaker
1101,Waves,Iakopo,Reggae,Never Letting Go,2019,Kitchen speaker
1102,Khayali,Tamer Ashor,Pop,Mahzouz,2017,Kitchen speaker
1103,Sing To Me Instead,Ben Platt,Pop,Ease My Mind,2019,TV
1104,Hallelujah Nights,Lanco,Country,Greatest Love Story,2017,Kitchen speaker
1105,Yomonsan,Janob Rasul,Pop,Yomonsan,2017,
1106,Unapologetic,Rihanna,Pop,Pour It Up,2012,Kitchen speaker
1107,Black Widow,In This Moment,Metalcore,Sick Like Me,2014,TV
1108,Kuntry,Jawga Boyz,Country,All The Girls Wanna Ride,2011,Bedroom speaker
1109,Spectrum,Westlife,Pop,Hello My Love,2019,Kitchen speaker
1110,Welcome Reality,Nero,Dubstep,Promises,2010,Bedroom speaker
1111,Joytime,Marshmello,House,Blocks,2016,Bedroom speaker
1112,Pitch Perfect,Anna Kendrick,Soundtracks,Cups,2012,Bedroom speaker
1113,Night Visions,Imagine Dragons,Rock,Radioactive,2012,TV
1114,Philharmonics,Agnes Obel,Folk,Riverside,2010,Bedroom speaker
1115,El Hombre,El Alfa,Latin,Suave,2017,Bedroom speaker
1116,Lady Wood,Tove Lo,Electropop,Cool Girl,2016,Bedroom speaker
1117,Gotta Be Me,Cody Johnson,Country,With You I Am,2016,Kitchen speaker
1118,Pass The Jar,Zac Brown Band,Country,Colder Weather,2010,Bedroom speaker
1119,Maza Mar Liya Dhori Ke Niche,Shailesh Premi,Country,Lahnga Lasar Ke,2019,TV
1120,Raees,Pavni Pandey,South Asia,Laila Main Laila,2017,Bedroom speaker
1121,Elements,Ludovico Einaudi,Classical,Night,2015,TV
1122,Assume Form,James Blake,Pop,Barefoot In The Park,2019,TV
1123,Prequelle,Ghost,Metal,Rats,2018,Kitchen speaker
1124,K,Kozoria,Rock,Worst Ends,2016,Bedroom speaker
1125,The New Classic,Iggy Azalea,Pop,Change Your Life,2013,Bedroom speaker
1126,Unleashed Beyond,Skillet,Rock,The Resistance,2016,Kitchen speaker
1127,Stars Dance,Selena Gomez,Pop,Love Will Remember,2013,Bedroom speaker
1128,Love Town,Kolohe Kai,Reggae,First True Love,2011,Kitchen speaker
1129,Texoma Shore,Blake Shelton,Country,I Lived It,2017,Kitchen speaker
1130,My Everything,Ariana Grande,Pop,Be My Baby,2014,Bedroom speaker
1131,Built On Glass,Nick Murphy,Electronica,Gold,2014,TV
1132,Forever,Popcaan,Reggae,Wine For Me,2018,TV
1133,Illuminate,Shawn Mendes,Pop,Mercy,2010,Bedroom speaker
1134,California Sunrise,Jon Pardi,Country,Head Over Boots,2015,Kitchen speaker
1135,The Descent,Kevin Macleod,Soundtracks,Nerves,2014,Bedroom speaker
1136,One More Light,Linkin Park,Electropop,Battle Symphony,2017,Kitchen speaker
1137,Euphoria,Enrique Iglesias,Pop,I Like It,2010,TV
1138,Joytime,Marshmello,House,Summer,2015,TV
1139,Muse Box,Madilyn Bailey,Pop,Titanium,2012,Bedroom speaker
1140,Just Gonna Send It,Katie Noel,Country,Diesel Gang,2018,Kitchen speaker
1141,Icarus Falls,Zayn Malik,Pop,Satisfaction,2018,Kitchen speaker
1142,The New Classic,Iggy Azalea,Pop,Change Your Life,2013,Kitchen speaker
1143,Blastoff Blues,Ricky T And The Rockets,Blues,Memory Pain,2016,TV
1144,You Know I Know,Olly Murs,Pop,Moves,2018,Bedroom speaker
1145,Icarus Falls,Zayn Malik,Pop,Dusk Till Dawn,2017,TV
1146,My Everything,Ariana Grande,Pop,Break Free,2011,TV
1147,The Descent,Kevin Macleod,Soundtracks,Nerves,2014,TV
1148,Expectations,Hayley Kiyoko,Pop,Sleepover,2017,TV
1149,Dark Horse,Devin Dawson,Country,All On Me,2017,Kitchen speaker
