,attraction_name,category,free_entry,good_for_kids,location,phone_number
0,Atlanta Botanical Garden,Park,False,True,Atlanta,404-876-5859
1,Atlanta History Center,Museum,False,True,Atlanta,404-814-4000
2,Bodies The Exhibition,Museum,False,True,Atlanta,404-496-4274
3,CNN Studio Tours,Tourist Attraction,False,True,Atlanta,877-426-6868
4,Cathedral of Christ the King,Place of Worship,True,True,Atlanta,404-233-2145
5,Chastain Memorial Park,Park,True,True,Atlanta,404-546-6788
6,Chick-fil-A College Football Hall of Fame,Museum,False,True,Atlanta,404-880-4800
7,Children's Museum of Atlanta,Museum,True,True,Atlanta,404-659-5437
8,Ebenezer Baptist Church,Place of Worship,False,True,Atlanta,404-688-7300
9,Georgia Aquarium,Nature Preserve,False,True,Atlanta,(404) 581-4000
10,360 CHICAGO,Tourist Attraction,True,True,Chicago,888-875-8439
11,American Writers Museum,Museum,False,True,Chicago,312-374-8790
12,Big Bus Tours Chicago (Tours begin at 98 E. Upper Wacker Dr.),Tourist Attraction,False,True,Chicago,877-285-4796
13,Burnham Park,Park,True,True,Chicago,312-742-8520
14,Chicago Children's Museum,Museum,False,True,Chicago,312-527-1000
15,Chicago Cultural Center,Performing Arts Venue,True,True,Chicago,312-744-6630
16,Chicago History Museum,Museum,True,True,Chicago,(800) 526-0857
17,Chicago Riverwalk,Park,True,False,Chicago,877-300-6746
18,Chicago Water Tower,Tourist Attraction,True,True,Chicago,312-742-0808
19,DuSable Museum of African American History,Museum,False,True,Chicago,773-947-0600
20,Garfield Park Conservatory,Park,False,True,Chicago,773-638-1777
21,Autry Museum of the American West,Museum,True,True,Los Angeles,323-667-2000
22,Battleship USS Iowa Museum,Museum,False,False,Los Angeles,877-446-9261
23,California African American Museum,Museum,False,True,Los Angeles,(213) 744-7432
24,Craft Contemporary,Museum,False,True,Los Angeles,323-937-4230
25,Discovery Cube Los Angeles,Museum,False,True,Los Angeles,818-686-2823
26,GRAMMY Museum L.A. LIVE,Museum,False,True,Los Angeles,213-765-6800
27,Hauser & Wirth,Museum,True,True,Los Angeles,213-988-7413
28,Japanese American National Museum,Museum,True,True,Los Angeles,213-625-0414
29,L.A. Louver,Museum,False,True,Los Angeles,310-822-4955
30,Los Angeles County Museum of Art,Museum,False,True,Los Angeles,(323) 857-0098
31,High Museum of Art,Museum,True,True,Atlanta,404-733-4200
32,Jimmy Carter Presidential Library and Museum,Museum,True,True,Atlanta,404-865-7100
33,Bradbury Building,Historical Landmark,True,True,Los Angeles,213-626-1893
34,Cabrillo Marine Aquarium,Nature Preserve,True,True,Los Angeles,310-612-1437
35,Cathedral of Our Lady of the Angels,Place of Worship,False,True,Los Angeles,213-680-5200
36,Dodger Stadium,Sports Venue,True,True,Los Angeles,866-363-4377
37,Dolby Theatre,Performing Arts Venue,True,True,Los Angeles,323-308-6300
38,Exposition Park,Park,True,True,Los Angeles,213-744-7458
39,Maggie Daley Park ice skating ribbon,Sports Venue,False,True,Chicago,312-552-3000
40,Wrigley Field,Sports Venue,False,True,Chicago,773-404-2827
41,92nd Street Y,Performing Arts Venue,False,False,New York,(212) 415-5788
42,American Folk Art Museum,Museum,False,True,New York,(212) 265-1040
43,American Museum of Natural History,Museum,True,True,New York,(212) 769-5100
44,Apollo Theater,Performing Arts Venue,True,True,New York,212-531-5300
45,Astoria Park,Park,False,True,New York,212-639-9675
46,Balto Statue,Tourist Attraction,True,False,New York,212-310-6600
47,Bayonne Bridge,Historical Landmark,True,True,New York,212-435-7000
48,Bethesda Terrace,Tourist Attraction,True,True,New York,212-310-6600
49,Bow Bridge,Historical Landmark,False,True,New York,212-310-6600
50,Bronx Zoo,Nature Preserve,False,True,New York,718-367-1010
51,Empire State Building,Historical Landmark,False,True,New York,212-736-3100
52,Goethals Bridge,Historical Landmark,True,True,New York,800-221-9903
53,Morris-Jumel Mansion,Historical Landmark,True,False,New York,212-923-8008
54,National Debt Clock,Historical Landmark,False,False,New York,212-257-6600
55,Robert F. Kennedy Bridge,Historical Landmark,True,True,New York,212-870-6425
56,Rockefeller Center,Historical Landmark,False,True,New York,212-332-6868
57,Statue of Liberty National Monument,Historical Landmark,False,False,New York,212-363-3200
58,The Little Red Lighthouse,Historical Landmark,True,True,New York,212-628-2345
59,Chihuly Garden and Glass,Museum,True,True,Seattle,206-753-4940
60,Museum of History & Industry (MOHAI),Museum,True,True,Seattle,206-324-1126
61,Pacific Science Center,Museum,True,True,Seattle,206-443-3643
62,Seattle Children's Museum,Museum,True,True,Seattle,206-441-1768
63,Holy Name Cathedral Parish,Place of Worship,True,True,Chicago,312-573-4467
64,International Museum of Surgical Science,Museum,True,False,Chicago,312-642-6502
65,Lincoln Park Conservatory,Park,True,True,Chicago,312-742-7736
66,Maggie Daley Park,Park,True,True,Chicago,312-552-3000
67,Margaret Mitchell House,Museum,False,True,Atlanta,404-249-7015
68,World of Coca-Cola,Museum,False,True,Atlanta,404-676-5151
69,3D Toronto sign,Tourist Attraction,False,True,Toronto,416-392-2489
70,Aga Khan Museum,Museum,False,True,Toronto,416-646-4677
71,Allan Gardens,Park,False,True,Toronto,416-392-7288
72,Art Gallery of Ontario,Museum,False,False,Toronto,877-225-4246
73,BAPS Shri Swaminarayan Mandir,Place of Worship,True,True,Toronto,416-798-2277
74,Black Creek Pioneer Village,Museum,True,True,Toronto,416-736-1733
75,Brookfield Place,Shopping Area,False,False,Toronto,416-777-6480
76,Casa Loma,Museum,True,True,Toronto,416-923-1171
77,Centennial Park,Park,True,True,Toronto,416-394-8750
78,Centreville Amusement Park,Theme Park,False,True,Toronto,416-203-0405
79,Hole in the Rock,Historical Landmark,True,True,Phoenix,602-495-5458
80,Balboa Park,Park,False,True,San Diego,619-239-0512
81,Balboa Theatre,Performing Arts Venue,True,True,San Diego,619-570-1100
82,Belmont Park,Theme Park,False,False,San Diego,858-228-9283
83,Birch Aquarium at Scripps Institution of Oceanography,Nature Preserve,True,True,San Diego,858-534-3474
84,Cabrillo National Monument,Park,True,True,San Diego,619-557-5450
85,Coronado Bridge,Historical Landmark,True,True,San Diego,619-688-6699
86,Fleet Science Center,Museum,True,True,San Diego,619-238-1233
87,Japanese Friendship Garden,Park,False,False,San Diego,619-232-2721
88,Journey to Atlantis,Theme Park,True,True,San Diego,619-222-4732
89,La Jolla Shores Park,Park,True,True,San Diego,619-221-8899
90,Alcatraz,Historical Landmark,False,False,San Francisco,415-561-4900
91,Alcatraz Island,Historical Landmark,False,True,San Francisco,415-561-4900
92,Aquarium of the Bay,Nature Preserve,True,True,San Francisco,415-623-5300
93,Cable Car Museum,Museum,False,True,San Francisco,415-474-1887
94,California Academy of Sciences,Museum,False,False,San Francisco,415-379-8000
95,Cartoon Art Museum,Museum,False,False,San Francisco,415-227-8666
96,Children's Creativity Museum,Museum,False,True,San Francisco,415-820-3320
97,Chinatown San Francisco,Tourist Attraction,False,True,San Francisco,888-212-3203
98,Coit Tower,Historical Landmark,True,True,San Francisco,415-249-0995
99,Contemporary Jewish Museum,Museum,True,True,San Francisco,415-655-7800
100,Oracle Park,Sports Venue,True,True,San Francisco,415-972-2000
101,Angels Flight Railway,Historical Landmark,False,False,Los Angeles,213-626-1901
102,Adventure Island,Theme Park,False,True,Delhi,83770 02902
103,Akshardham,Place of Worship,True,True,Delhi,11 4344 2344
104,Fun N Food Village,Theme Park,True,True,Delhi,99900 06518
105,Gandhi Smriti,Museum,False,False,Delhi,11 2301 2843
106,Humayun's Tomb,Historical Landmark,True,True,Delhi,11 2435 5275
107,India Gate,Historical Landmark,True,True,Delhi,11 2336 5358
108,Jama Masjid,Place of Worship,False,True,Delhi,11 2326 8344
109,Just Chill Water Park,Theme Park,True,False,Delhi,99104 99774
110,Kashmiri Gate,Historical Landmark,False,False,Delhi,11 2397 9261
111,Khan Market,Shopping Area,False,True,Delhi,85275 33160
112,Acuario Inbursa,Nature Preserve,False,True,Mexico City,55 5395 4586
113,Arte Carrillo Gil Museum,Museum,False,True,Mexico City,55 8647 5450
114,Bosque de Chapultepec,Park,False,True,Mexico City,55 5271 1939
115,Casa Lamm Cultural Center,Performing Arts Venue,True,False,Mexico City,55 5525 3938
116,Casa del Lago Juan Jose Arreola,Performing Arts Venue,True,True,Mexico City,55 5211 6093
117,Central de Abastos Iztapalapa,Shopping Area,False,True,Mexico City,55 5600 6248
118,Centro Cultural de Espana,Performing Arts Venue,True,True,Mexico City,55 5521 1925
119,Centro Deportivo Chapultepec,Sports Venue,True,False,Mexico City,55 5254 3232
120,Coyoacan Market,Shopping Area,False,True,Mexico City,55 4072 1596
121,Diana the Huntress Fountain,Historical Landmark,True,True,Mexico City,800 008 9090
122,Bloedel Conservatory,Park,True,False,Vancouver,604-257-8584
123,Dr. Sun Yat-Sen Classical Chinese Garden,Park,True,True,Vancouver,604-662-3207
124,"Queen Elizabeth Park, British Columbia",Park,False,False,Vancouver,604-873-7000
125,Stanley Park,Park,False,True,Vancouver,604-681-6728
126,VanDusen Botanical Garden,Park,False,True,Vancouver,604-257-8335
127,Estanquillo Museum,Museum,False,True,Mexico City,55 5521 3052
128,Former College of San Ildefonso,Museum,False,True,Mexico City,55 3602 0000
129,Frida Kahlo Museum,Museum,False,True,Mexico City,55 5658 3256
130,Leon Trotsky House Museum,Museum,True,True,Mexico City,55 5658 8732
131,Luis Barragan House and Studio,Museum,False,True,Mexico City,55 5272 4945
132,Memory and Tolerance Museum,Museum,True,True,Mexico City,55 5130 5555
133,Museo Anahuacalli,Museum,False,True,Mexico City,55 5617 3797
134,Museo Casa Estudio Diego Rivera and Frida Kahlo,Museum,False,True,Mexico City,55 8647 5470
135,Museo Franz Mayer,Museum,True,True,Mexico City,55 5518 2266
136,Brandon Lee and Bruce Lee's Grave Site,Tourist Attraction,False,True,Seattle,206-322-1582
137,Burke Museum of Natural History and Culture,Museum,False,True,Seattle,206-543-7907
138,Columbia Center,Shopping Area,True,True,Seattle,206-386-5151
139,Fremont Troll,Historical Landmark,False,False,Seattle,206-684-2489
140,Frye Art Museum,Museum,True,False,Seattle,206-223-1707
141,Gas Works Park,Park,True,True,Seattle,206-684-4075
142,Golden Gardens Park,Park,False,True,Seattle,206-684-4075
143,Kerry Park,Park,False,True,Seattle,206-684-4075
144,Navy Pier,Tourist Attraction,True,True,Chicago,312-595-7437
145,Oaks Amusement Park,Theme Park,False,True,Portland,503-233-5777
146,Art Gallery of New South Wales,Museum,True,True,Sydney,2 9225 1700
147,Australian National Maritime Museum,Museum,False,True,Sydney,2 9298 3777
148,Hyde Park Barracks Museum,Museum,True,True,Sydney,2 8239 2288
149,Museum of Contemporary Art Australia,Museum,False,False,Sydney,2 9245 2400
150,Museum of Sydney,Museum,True,False,Sydney,2 9251 5988
151,Powerhouse Museum,Museum,False,False,Sydney,2 9217 0111
152,Sydney Jewish Museum,Museum,True,True,Sydney,2 9360 7999
153,Vaucluse House,Museum,False,True,Sydney,2 9388 7922
154,White Rabbit Gallery,Museum,True,True,Sydney,2 8399 2867
155,Strawberry Fields,Tourist Attraction,True,True,New York,212-639-9675
156,The Bowery Ballroom,Tourist Attraction,True,True,New York,212-260-4700
157,The Mercury Lounge,Tourist Attraction,True,True,New York,646-921-7680
158,The Tour at NBC Studios,Tourist Attraction,True,True,New York,212-664-3700
159,Yankee Stadium Tours,Tourist Attraction,True,False,New York,646-977-8687
160,Lodhi Garden,Park,False,True,Delhi,11 2464 0079
161,The Garden of Five Senses,Park,False,False,Delhi,11 2953 6401
162,30 St Mary Axe (The Gherkin),Historical Landmark,True,True,London,20 7071 5029
163,ArcelorMittal Orbit,Historical Landmark,True,True,London,333 800 8099
164,Guildhall,Historical Landmark,True,True,London,20 7606 3030
165,London Wall,Historical Landmark,True,False,London,370 333 1181
166,Millennium Bridge,Historical Landmark,False,False,London,20 7606 3030
167,Monument to the Great Fire of London,Historical Landmark,False,True,London,20 7403 3761
168,Old Royal Naval College,Historical Landmark,False,True,London,20 8269 4799
169,The London Dungeon,Historical Landmark,True,False,London,20 7654 0809
170,The Shard,Historical Landmark,False,False,London,844 499 7111
171,Two Temple Place,Historical Landmark,False,True,London,20 7836 3715
172,Arizona Capitol Museum,Museum,False,False,Phoenix,602-926-3620
173,Arizona Science Center,Museum,False,True,Phoenix,602-716-2000
174,Castles N' Coasters,Theme Park,True,True,Phoenix,602-997-7575
175,Children's Museum of Phoenix,Museum,False,True,Phoenix,602-253-0501
176,Desert Botanical Garden,Park,True,True,Phoenix,480-941-1225
177,Dream City Church * Phoenix,Place of Worship,False,False,Phoenix,602-867-7117
178,Encanto Park,Park,True,True,Phoenix,602-261-8991
179,Heard Museum,Museum,False,True,Phoenix,(602) 251-0223
180,Hurricane Harbor Phoenix,Theme Park,False,False,Phoenix,623-201-2000
181,American Church in Paris,Place of Worship,True,True,Paris,1 40 62 05 00
182,Aquaboulevard,Theme Park,True,True,Paris,1 40 60 10 00
183,Bagatelle park,Park,True,True,Paris,1 53 64 53 80
184,Bois de Vincennes,Park,True,True,Paris,1 49 57 15 15
185,Catacombs of Paris,Historical Landmark,True,True,Paris,1 43 22 47 63
186,Cathedrale Notre-Dame de Paris,Place of Worship,True,False,Paris,1 42 34 56 10
187,Cent Quatre,Performing Arts Venue,True,True,Paris,1 53 35 50 00
188,Chapelle expiatoire,Historical Landmark,True,True,Paris,1 42 65 35 80
189,City of Fashion and Design,Performing Arts Venue,True,False,Paris,1 76 77 25 30
190,Cite de l'architecture et du patrimoine,Museum,True,True,Paris,1 58 51 52 00
191,Gardiner Museum,Museum,True,True,Toronto,416-586-8080
192,Hockey Hall of Fame,Museum,True,True,Toronto,416-360-7765
193,Museum of Contemporary Art Toronto Canada,Museum,True,True,Toronto,416-530-2500
194,Royal Ontario Museum,Museum,True,True,Toronto,416-586-8000
195,SkyJump,Theme Park,False,True,Las Vegas,702-380-7777
196,Smith Tower,Historical Landmark,False,False,Seattle,206-624-0414
197,Ripley's Aquarium of Canada,Nature Preserve,False,True,Toronto,647-351-3474
198,Toronto Zoo,Nature Preserve,False,True,Toronto,416-392-5900
199,Crystal Springs Rhododendron Garden,Park,True,True,Portland,503-771-8386
200,Lan Su Chinese Garden,Park,True,True,Portland,503-228-8131
201,OMSI,Museum,True,False,Portland,(503) 797-4000
202,Oregon Zoo,Nature Preserve,True,True,Portland,503-226-1561
203,Pittock Mansion,Museum,True,True,Portland,503-823-3623
204,Portland Art Museum,Museum,False,False,Portland,503-276-4249
205,Portland Children's Museum,Museum,True,True,Portland,503-223-6500
206,Portland Japanese Garden,Tourist Attraction,False,True,Portland,503-223-1321
207,Portland Saturday Market,Shopping Area,False,True,Portland,971-865-0382
208,Arab World Institute,Performing Arts Venue,False,False,Paris,1 40 51 38 38
209,Arc de Triomphe,Historical Landmark,False,True,Paris,1 55 37 73 77
210,Arenes de Lutece,Historical Landmark,False,True,Paris,1 45 35 02 56
211,Bois de Boulogne,Park,False,True,Paris,1 53 92 82 82
212,Carreau du Temple,Performing Arts Venue,False,True,Paris,1 83 81 93 30
213,Crissy Field,Tourist Attraction,True,True,San Francisco,415-561-4323
214,Exploratorium,Museum,True,True,San Francisco,415-528-4444
215,Ferry Plaza Farmers Market,Shopping Area,True,True,San Francisco,415-291-3276
216,ANZ Stadium,Sports Venue,False,True,Sydney,2 8765 2000
217,Barangaroo Reserve,Park,False,True,Sydney,2 9255 1700
218,Bella Vista Farm,Park,True,True,Sydney,2 9843 0555
219,"Bicentennial Park, Homebush Bay",Park,False,True,Sydney,2 9714 7888
220,Blaxland Riverside Park,Park,True,True,Sydney,2 9714 7888
221,Bondi Markets,Shopping Area,True,True,Sydney,2 9315 7011
222,Bondi to Bronte Coastal Walk,Tourist Attraction,True,True,Sydney,406 333 665
223,Bondi to Coogee walk,Tourist Attraction,True,True,Sydney,406 333 665
224,DISCOVERY Children's Museum,Museum,True,True,Las Vegas,702-382-5437
225,Las Vegas Natural History Museum,Museum,False,True,Las Vegas,702-384-3466
226,The Mob Museum,Museum,False,True,Las Vegas,702-229-2734
227,National Center for Civil and Human Rights,Museum,False,False,Atlanta,678-999-8990
228,Alexandra Palace,Performing Arts Venue,False,True,London,20 8365 2121
229,Alexandra Palace Ice Rink,Sports Venue,True,True,London,20 8365 2121
230,All England Lawn Tennis & Croquet Club,Sports Venue,False,True,London,20 8944 1066
231,"All Saints, Margaret Street",Place of Worship,True,True,London,20 7636 1788
232,All Souls Langham Place,Place of Worship,False,True,London,20 7580 3522
233,Apsley House,Museum,True,True,London,1793 414926
234,BAPS Shri Swaminarayan Mandir London,Place of Worship,False,True,London,20 8965 2651
235,BODY WORLDS London,Museum,True,True,London,330 223 3233
236,Museum Of Contemporary Art Chicago,Museum,True,True,Chicago,312-280-2660
237,"Museum of Science and Industry, Chicago",Museum,True,True,Chicago,(773) 684-1414
238,Museum of Death,Museum,True,True,Los Angeles,323-466-8011
239,Museum of Selfies,Museum,True,True,Los Angeles,737-471-5566
240,Museum of Tolerance,Museum,True,True,Los Angeles,310-772-2505
241,Petersen Automotive Museum,Museum,True,True,Los Angeles,323-930-2277
242,The Annenberg Space for Photography,Museum,True,True,Los Angeles,213-403-3000
243,The Museum of Jurassic Technology,Museum,True,True,Los Angeles,310-836-6131
244,Fort Point National Historic Site,Historical Landmark,False,True,San Francisco,415-504-2334
245,Golden Gate Bridge,Historical Landmark,False,True,San Francisco,415-921-5858
246,Sutro Baths,Historical Landmark,False,True,San Francisco,415-426-5240
247,The Painted Ladies,Historical Landmark,True,True,San Francisco,415-831-2700
248,The San Francisco Mint,Historical Landmark,False,True,San Francisco,415-890-2357
249,The Fox Theatre,Performing Arts Venue,False,False,Atlanta,800-651-2316
250,La Merced Market,Shopping Area,True,True,Mexico City,55 5522 7250
251,Mercado Jamaica,Shopping Area,True,True,Mexico City,55 5741 0002
252,Mercado de Sonora,Shopping Area,False,True,Mexico City,55 1484 6971
253,Interactive Museum of Economics,Museum,True,False,Mexico City,55 5130 4600
254,Museum of Pop Culture,Museum,False,True,Seattle,206-770-2702
255,Nordic Museum,Museum,True,False,Seattle,206-789-5707
256,Seattle Art Museum,Museum,False,True,Seattle,206-654-3100
257,Seattle Pinball Museum,Museum,False,True,Seattle,206-623-0759
258,Brookfield Place,Shopping Area,False,True,New York,212-978-1673
259,Brooklyn Botanic Garden,Park,False,True,New York,718-623-7200
260,Hollywood Walk of Fame,Tourist Attraction,True,True,Los Angeles,323-469-8311
261,Hollywood Wax Museum(r),Tourist Attraction,True,True,Los Angeles,323-462-5991
262,Vancouver Aquarium,Nature Preserve,True,True,Vancouver,604-659-3502
263,Featherdale Wildlife Park,Nature Preserve,True,True,Sydney,2 9622 1644
264,Gordons Bay,Nature Preserve,False,True,Sydney,1300 722 542
265,Koala Park Sanctuary Sydney,Nature Preserve,False,True,Sydney,2 9484 3141
266,Lane Cove National Park,Nature Preserve,False,True,Sydney,2 8448 0400
267,SEA LIFE Sydney Aquarium,Nature Preserve,True,False,Sydney,1800 199 657
268,Sydney Zoo,Nature Preserve,True,True,Sydney,1800 843 966
269,Wilson Parking Domain Car Park,Nature Preserve,True,True,Sydney,1800 727 546
270,King Jr Martin Luther- Birth Home,Historical Landmark,True,True,Atlanta,404-331-5190
271,Mission Escape Atlanta,Tourist Attraction,True,True,Atlanta,678-369-0050
272,Zoo Atlanta,Nature Preserve,True,True,Atlanta,404-624-5600
273,Brooklyn Children's Museum,Museum,True,True,New York,718-735-4400
274,Brooklyn Museum,Museum,True,True,New York,(718) 638-5000
275,Children's Museum Of Manhattan,Museum,True,True,New York,212-721-1223
276,Cooper Hewitt Smithsonian Design Museum,Museum,True,True,New York,212-849-8400
277,David Zwirner,Museum,True,True,New York,(212) 727-2072
278,El Museo del Barrio,Museum,True,True,New York,917-634-0340
279,Ellis Island National Museum of Immigration,Museum,True,True,New York,832-960-0009
280,"Intrepid Sea, Air & Space Museum",Museum,True,True,New York,(212) 245-0072
281,Museum of Sex,Museum,True,True,New York,212-689-6337
282,Art Museum Steps,Tourist Attraction,True,True,Philadelphia,215-763-8100
283,Bartram's Garden,Park,True,True,Philadelphia,215-729-5281
284,Ben Franklin Bridge,Historical Landmark,True,True,Philadelphia,856-968-3300
285,Benjamin Franklin Museum,Museum,True,True,Philadelphia,267-514-1522
286,Cathedral Basilica of Saints Peter and Paul,Place of Worship,True,True,Philadelphia,267-250-0074
287,Independence National Historical Park,Nature Preserve,True,True,Philadelphia,215-965-2305
288,Independence Seaport Museum,Museum,True,True,Philadelphia,215-413-8655
289,Liberty Bell,Historical Landmark,True,True,Philadelphia,215-965-2305
290,National Constitution Center,Museum,True,True,Philadelphia,215-409-6700
291,National Museum of American Jewish History,Museum,True,True,Philadelphia,215-923-3811
292,Steele Indian School Park,Nature Preserve,True,True,Phoenix,602-495-0935
293,Piedmont Park,Park,False,True,Atlanta,404-875-7275
294,Hollyhock House,Historical Landmark,True,False,Los Angeles,323-988-0516
295,Hollywood Sign,Historical Landmark,False,True,Los Angeles,323-258-4338
296,Korean Friendship Bell,Historical Landmark,False,True,Los Angeles,310-548-7705
297,"Public Art ""Urban Light""",Historical Landmark,True,True,Los Angeles,323-857-6010
298,The San Francisco Dungeon,Tourist Attraction,True,True,San Francisco,415-722-4418
299,Federal Hall,Museum,False,True,New York,212-825-6990
300,Olympic Sculpture Park,Park,False,True,Seattle,206-654-3100
301,Seattle Japanese Garden,Park,False,True,Seattle,206-684-4725
302,Volunteer Park Conservatory,Park,True,True,Seattle,206-322-4112
303,Washington Park Arboretum UW Botanic Gardens,Park,False,True,Seattle,206-543-8800
304,Legion of Honor,Museum,True,True,San Francisco,415-750-3600
305,Museum Of 3D Illusions,Museum,False,True,San Francisco,888-386-5585
306,Museum of the African Diaspora,Museum,False,True,San Francisco,415-358-7252
307,Randall Museum,Museum,False,True,San Francisco,415-554-9600
308,San Francisco Museum of Modern Art,Museum,False,True,San Francisco,415-357-4000
309,The Walt Disney Family Museum,Museum,False,True,San Francisco,415-345-6800
310,St. Johns Bridge,Historical Landmark,False,True,Portland,503-731-8326
311,The Grotto,Park,False,True,Portland,503-254-7371
312,Little Tokyo,Tourist Attraction,False,True,Los Angeles,818-512-8791
313,Madame Tussauds Hollywood,Tourist Attraction,True,True,Los Angeles,323-798-1670
314,OUE Skyspace LA,Tourist Attraction,True,True,Los Angeles,213-894-9000
315,Paramount Pictures Studio Tour,Tourist Attraction,False,True,Los Angeles,323-956-1777
316,The Venice Beach Boardwalk,Tourist Attraction,False,True,Los Angeles,310-396-6764
317,Liberty Public Market,Shopping Area,True,True,San Diego,619-487-9346
318,Maritime Museum of San Diego,Museum,False,True,San Diego,619-234-9153
319,Long Beach Museum of Art,Museum,True,True,Long Beach,800-708-2538
320,Museum of Latin American Art (MOLAA),Museum,False,True,Long Beach,562-437-1689
321,Angel Stadium of Anaheim,Sports Venue,False,False,Anaheim,714-940-2000
322,Cars Land,Tourist Attraction,False,True,Anaheim,714-781-4565
323,Disney California Adventure Park,Theme Park,True,True,Anaheim,714-781-7290
324,Disneyland Park,Theme Park,True,True,Anaheim,(877) 560-6477
325,Downtown Disney District,Tourist Attraction,False,True,Anaheim,714-781-4565
326,Honda Center,Sports Venue,False,True,Anaheim,714-704-2400
327,Matterhorn Bobsleds,Theme Park,False,True,Anaheim,714-781-4565
328,Pirate's Lair on Tom Sawyer Island,Theme Park,False,True,Anaheim,714-999-0990
329,Pixar Pier,Tourist Attraction,True,True,Anaheim,714-781-4636
330,Sleeping Beauty Castle,Tourist Attraction,True,False,Anaheim,714-781-4565
331,Sutter's Fort | State Historic Park,Nature Preserve,True,True,Sacramento,916-445-4422
332,California Museum,Museum,False,True,Sacramento,(916) 653-1771
333,California State Capitol Museum,Museum,True,True,Sacramento,916-445-2841
334,California State Railroad Museum,Museum,False,True,Sacramento,916-323-9280
335,Crocker Art Museum,Museum,False,True,Sacramento,916-808-7000
336,San Diego California Temple,Place of Worship,True,True,San Diego,858-622-0991
337,San Diego Museum of Man,Museum,True,True,San Diego,619-239-2001
338,California Automobile Museum,Museum,False,False,Sacramento,916-442-6802
339,Fairytale Town,Theme Park,True,True,Sacramento,916-808-5233
340,Sacramento Zoo,Nature Preserve,False,False,Sacramento,916-808-5888
341,The Orpheum,Performing Arts Venue,False,True,Vancouver,604-665-3035
342,Musee Mecanique,Museum,False,False,San Francisco,415-346-2000
343,Aquarium of the Pacific,Nature Preserve,False,True,Long Beach,562-570-8555
344,Harry Bridges Memorial Park,Park,False,True,Long Beach,562-570-5333
345,The Queen Mary,Historical Landmark,False,True,Long Beach,877-342-0738
346,Barnes Foundation,Museum,False,True,Philadelphia,215-278-7000
347,Betsy Ross House,Historical Landmark,False,True,Philadelphia,215-686-1252
348,Blue Cross RiverRink,Sports Venue,False,True,Philadelphia,215-925-7465
349,Eastern State Penitentiary,Museum,False,False,Philadelphia,215-236-5111
350,Elfreth's Alley,Historical Landmark,True,False,Philadelphia,215-574-0560
351,Floyd Lamb Park,Park,True,False,Las Vegas,702-229-8100
352,Fort Funston,Park,True,True,San Francisco,415-561-4700
353,Golden Gate Park,Park,True,True,San Francisco,415-831-2700
354,Japanese Tea Garden,Park,True,True,San Francisco,415-752-1171
355,Lake Merced Park,Park,True,True,San Francisco,415-831-5500
356,Mission Dolores Park,Park,True,True,San Francisco,415-554-9521
357,Old Town San Diego State Historic Park,Nature Preserve,False,True,San Diego,619-220-5422
358,San Diego Zoo,Nature Preserve,False,True,San Diego,619-231-1515
359,Seattle Center,Performing Arts Venue,True,True,Seattle,206-684-7200
360,Seattle CityPASS,Tourist Attraction,True,False,Seattle,888-330-5008
361,Stahl House,Historical Landmark,True,True,Los Angeles,208-429-1058
362,Lake Hollywood Park,Park,True,True,Los Angeles,818-243-1145
363,The Japanese Garden,Park,False,True,Los Angeles,818-756-8166
364,"Vista Hermosa Natural Park, Mountains Recreation & Conservation Authority",Park,True,True,Los Angeles,213-250-1100
365,Fremont Street Experience,Shopping Area,True,False,Las Vegas,702-678-5600
366,Old Las Vegas Mormon Fort State Historic Park,Nature Preserve,False,True,Las Vegas,702-486-3511
367,SlotZilla Zip Line,Tourist Attraction,True,True,Las Vegas,702-678-5780
368,Springs Preserve,Nature Preserve,True,False,Las Vegas,702-822-7700
369,San Diego Zoo Safari Park,Nature Preserve,False,False,San Diego,760-747-8702
370,FlyOver Canada,Theme Park,True,True,Vancouver,855-463-4822
371,Museum of Vancouver,Museum,False,False,Vancouver,604-736-4431
372,PNE/Playland,Theme Park,True,True,Vancouver,604-253-2311
373,Science World at TELUS World of Science,Museum,True,True,Vancouver,604-443-7440
374,Sunset Cliffs Natural Park,Park,False,True,San Diego,619-525-8213
375,Waterfront Park,Park,True,True,San Diego,619-232-7275
376,San Diego Air & Space Museum,Museum,False,True,San Diego,619-234-8291
377,Star of India,Museum,True,True,San Diego,619-234-9153
378,USS Midway Museum,Museum,True,True,San Diego,619-544-9600
379,Whaley House Museum,Museum,False,True,San Diego,619-297-7511
380,San Francisco Botanical Garden,Park,True,False,San Francisco,415-661-1316
381,de Young Museum,Museum,True,True,San Francisco,415-750-3600
382,San Francisco Zoo,Nature Preserve,False,True,San Francisco,415-753-7080
383,Monument to the Revolution,Historical Landmark,False,True,Mexico City,55 5546 2115
384,The House of Tiles,Historical Landmark,True,True,Mexico City,55 5512 1331
385,War Memorial Opera House,Performing Arts Venue,True,True,San Francisco,415-865-2000
386,Grace Cathedral,Place of Worship,False,True,San Francisco,415-749-6300
387,St. Dominic's Catholic Church,Place of Worship,False,False,San Francisco,415-567-7824
388,Christmas Tree Lane,Tourist Attraction,True,True,Fresno,559-348-9200
389,Forestiere Underground Gardens,Historical Landmark,True,True,Fresno,559-271-0734
390,Fresno Chaffee Zoo,Nature Preserve,False,True,Fresno,559-498-5910
391,Island Waterpark,Theme Park,True,True,Fresno,559-277-6800
392,First Corinthian Baptist Church,Place of Worship,True,True,New York,212-864-5976
393,Saint Thomas Church Fifth Avenue,Place of Worship,True,True,New York,212-664-9360
394,St. Patrick's Cathedral,Place of Worship,False,True,New York,212-753-2261
395,The Brooklyn Tabernacle,Place of Worship,False,True,New York,718-290-2000
396,The Cathedral Church of St. John the Divine,Place of Worship,False,True,New York,212-316-7540
397,Trinity Church,Place of Worship,True,True,New York,212-602-0800
398,Fearless Girl Statue,Tourist Attraction,False,True,New York,617-786-3000
399,Madame Tussauds New York,Tourist Attraction,False,True,New York,212-512-9600
400,National Geographic Encounter,Tourist Attraction,False,True,New York,646-308-1337
401,One World Observatory,Tourist Attraction,False,True,New York,844-696-1776
402,Rockefeller Center Christmas Tree,Tourist Attraction,False,True,New York,212-588-8601
403,Statue Cruises,Tourist Attraction,False,True,New York,877-523-9849
404,Seattle Aquarium,Nature Preserve,False,True,Seattle,206-386-4300
405,Woodland Park Zoo,Nature Preserve,False,True,Seattle,206-548-2623
406,The Getty,Museum,True,False,Los Angeles,310-440-7300
407,Museum of Contemporary Art San Diego,Museum,False,False,San Diego,858-454-3541
408,San Diego Natural History Museum,Museum,False,False,San Diego,877-946-7797
409,The San Diego Museum of Art,Museum,False,False,San Diego,619-232-7931
410,Brooklyn Bridge Park,Park,False,True,New York,718-222-9939
411,Brooklyn Heights Promenade,Park,False,True,New York,212-639-9675
412,Bryant Park,Park,False,True,New York,212-768-4242
413,Central Park,Park,False,True,New York,212-310-6600
414,Flushing Meadows Corona Park,Park,True,True,New York,718-760-6565
415,Fort Totten Park,Park,True,True,New York,718-352-4793
416,Fort Tryon Park,Park,False,True,New York,212-795-1388
417,Gantry Plaza State Park,Park,True,True,New York,718-786-6385
418,Borough Market,Shopping Area,False,True,London,20 7407 1002
419,Brixton Market,Shopping Area,False,False,London,20 7274 2990
420,Camden Market,Shopping Area,True,True,London,20 7485 5511
421,Greenwich Market,Shopping Area,False,True,London,7851 018007
422,Leadenhall Market,Shopping Area,False,False,London,20 7606 3030
423,Maltby Street Market,Shopping Area,False,True,London,20 7394 8061
424,Old Spitalfields Market,Shopping Area,True,True,London,20 7375 2963
425,Smithfield Market,Shopping Area,True,True,London,20 7248 3151
426,Tooting Market,Shopping Area,False,True,London,7598 130026
427,Frederick C. Robie House,Museum,False,False,Chicago,312-994-4000
428,Jane Addams Hull-House Museum,Museum,False,True,Chicago,312-413-5353
429,National Museum of Mexican Art,Museum,True,True,Chicago,312-433-3965
430,Marble Collegiate Church,Place of Worship,True,False,New York,212-686-2770
431,St Ignatius Loyola Church,Place of Worship,True,False,New York,212-288-3588
432,Lavatory,Museum,False,True,Phoenix,480-968-7895
433,Musical Instrument Museum,Museum,False,True,Phoenix,480-478-6000
434,Phoenix Art Museum,Museum,False,True,Phoenix,602-257-1880
435,Pueblo Grande Museum,Museum,True,False,Phoenix,602-495-0901
436,Vancouver Art Gallery,Museum,False,True,Vancouver,604-662-4700
437,Granary Square,Tourist Attraction,False,True,London,20 3773 3233
438,Parliament Hill Viewpoint,Tourist Attraction,True,True,London,20 7332 3322
439,RAF Bomber Command Memorial,Tourist Attraction,True,True,London,800 169 2942
440,Shrek's Adventure London,Tourist Attraction,True,True,London,333 321 2001
441,Spencer House,Tourist Attraction,True,True,London,20 7514 1958
442,The London Bridge Experience & London Tombs,Tourist Attraction,True,True,London,20 7403 6333
443,"The Royal Mews, Buckingham Palace",Tourist Attraction,True,True,London,303 123 7302
444,Up at The O2,Tourist Attraction,False,True,London,20 8463 2680
445,Bank of England Museum,Museum,True,True,London,20 3461 5545
446,Camden Arts Centre,Museum,True,True,London,20 7472 5500
447,Charles Dickens Museum,Museum,False,True,London,20 7405 2127
448,Churchill War Rooms,Museum,False,True,London,20 7416 5000
449,Cutty Sark,Museum,False,True,London,20 8858 4422
450,Design Museum,Museum,False,True,London,20 7403 6933
451,Discover Children's Story Centre,Museum,False,True,London,20 8536 5555
452,Dulwich Picture Gallery,Museum,False,True,London,20 8693 5254
453,Prospect Park,Park,True,True,New York,718-965-8951
454,The High Line,Park,True,True,New York,212-500-6035
455,Van Cortlandt Park,Park,True,True,New York,718-430-1890
456,Washington Square Park,Park,True,True,New York,212-639-9675
457,Laxminarayan Temple,Place of Worship,False,True,Delhi,11 2336 3637
458,Lotus Temple,Place of Worship,False,True,Delhi,11 2644 4029
459,Barbican Conservatory,Park,False,True,London,20 7638 4141
460,Battersea Park,Park,True,True,London,20 8871 7530
461,Chelsea Physic Garden,Park,True,True,London,20 7352 5646
462,Clapham Common,Park,True,True,London,20 7926 1000
463,Clissold Park,Park,True,True,London,20 8356 3000
464,Green Park,Park,False,True,London,20 7839 7639
465,Greenwich Park,Park,False,True,London,20 8293 3782
466,Grosvenor Square,Park,True,True,London,20 7312 0011
467,Hackney Downs,Park,True,True,London,20 8356 3000
468,Hampstead Heath,Park,True,True,London,20 7332 3322
469,Rocky Statue,Historical Landmark,True,True,Philadelphia,215-643-2858
470,SS United States,Historical Landmark,True,True,Philadelphia,888-488-7787
471,Pier 17,Performing Arts Venue,True,True,New York,212-732-8257
472,LA Memorial Coliseum,Sports Venue,False,True,Los Angeles,213-765-6357
473,Carnegie Hall,Performing Arts Venue,False,True,New York,212-903-9765
474,Lincoln Center for the Performing Arts,Performing Arts Venue,True,False,New York,212-875-5456
475,Canal Street Market,Shopping Area,True,True,New York,646-694-1655
476,Castle Clinton National Monument,Nature Preserve,True,True,New York,212-344-7220
477,Chelsea Market,Shopping Area,True,True,New York,212-652-2111
478,"Martin Luther King, Jr. National Historical Park",Historical Landmark,True,False,Atlanta,404-331-5190
479,Swan House at Atlanta History Center,Historical Landmark,False,True,Atlanta,404-814-4000
480,Dekalb Market Hall,Shopping Area,True,True,New York,929-359-6555
481,Gansevoort Market,Shopping Area,False,True,New York,646-449-8400
482,The Riverside Church,Place of Worship,False,False,New York,212-870-6700
483,Pennsylvania Academy of the Fine Arts,Museum,True,True,Philadelphia,(215) 569-0153
484,Philadelphia's Magic Gardens,Museum,True,True,Philadelphia,215-733-0390
485,Rodin Museum,Museum,True,True,Philadelphia,215-763-8100
486,The Academy of Natural Sciences of Drexel University,Museum,True,True,Philadelphia,215-299-1000
487,The Franklin Institute,Museum,True,True,Philadelphia,(215) 448-1165
488,Chelsea Piers Sports and Entertainment Complex,Sports Venue,True,True,New York,212-336-6666
489,Fairmount Park,Park,False,True,Philadelphia,215-683-3600
490,Franklin Square,Park,False,True,Philadelphia,215-629-4026
491,Love Park,Park,False,True,Philadelphia,215-686-1776
492,Rittenhouse Square,Park,False,True,Philadelphia,267-586-5675
493,Spruce Street Harbor Park,Park,False,True,Philadelphia,215-922-2386
494,Time Warner Center,Historical Landmark,False,True,New York,212-823-6300
495,Verrazzano-Narrows Bridge,Historical Landmark,False,True,New York,212-360-3000
496,Williamsburg Bridge,Historical Landmark,False,True,New York,800-221-9903
497,Radio City Music Hall,Performing Arts Venue,False,True,New York,212-465-6741
498,Shofuso Japanese House and Garden,Historical Landmark,False,True,Philadelphia,215-878-5097
499,Central Park Zoo,Nature Preserve,False,True,New York,212-439-6500
500,General Grant National Memorial,Nature Preserve,False,True,New York,212-666-1640
501,Industry City,Nature Preserve,False,True,New York,718-965-6450
502,New York Aquarium,Nature Preserve,True,True,New York,718-220-5100
503,Prospect Park Zoo,Nature Preserve,True,True,New York,718-399-7339
504,Queens Zoo,Nature Preserve,False,True,New York,718-271-1500
505,Riverbank State Park,Nature Preserve,True,True,New York,212-694-3600
506,Staten Island Zoo,Nature Preserve,False,True,New York,718-442-3101
507,Jane's Carousel,Theme Park,True,True,New York,718-222-2502
508,SeaGlass Carousel,Theme Park,True,True,New York,212-344-3491
509,The Cyclone Roller Coaster Coney Island NY,Theme Park,True,True,New York,718-373-5862
510,Trolls The Experience,Theme Park,True,True,New York,703-448-4058
511,Lasker Rink,Sports Venue,True,False,New York,917-492-3856
512,MOSAIC,Place of Worship,True,True,Los Angeles,323-391-2930
513,House of Culture of Japan in Paris,Performing Arts Venue,False,True,Paris,1 44 37 95 15
514,Institut de France,Performing Arts Venue,False,True,Paris,1 44 41 44 41
515,Opera Bastille,Performing Arts Venue,False,True,Paris,892 89 90 90
516,Palais Garnier,Performing Arts Venue,True,True,Paris,1 40 07 00 43
517,Paris Philharmonic,Performing Arts Venue,False,True,Paris,1 44 84 44 84
518,Point Ephemere,Performing Arts Venue,False,True,Paris,1 40 34 02 48
519,Banqueting House,Tourist Attraction,True,False,London,20 3166 6000
520,Battersea Park Children's Zoo,Nature Preserve,True,True,London,20 7924 5826
521,Granja las Americas,Theme Park,True,True,Mexico City,55 2629 5600
522,56 Signers of the Declaration of Independence Memorial,Nature Preserve,True,True,Washington D.C.,202-426-6841
523,Georgetown Waterfront Park,Nature Preserve,True,True,Washington D.C.,202-895-6000
524,Korean War Veterans Memorial,Nature Preserve,True,False,Washington D.C.,202-426-6841
525,"Martin Luther King, Jr. Memorial",Nature Preserve,True,True,Washington D.C.,202-426-6841
526,National Law Enforcement Officers Memorial,Nature Preserve,True,False,Washington D.C.,202-737-3400
527,National Mall,Nature Preserve,True,True,Washington D.C.,202-426-6841
528,Rock Creek Park,Nature Preserve,True,True,Washington D.C.,202-895-6000
529,Smithsonian National Zoological Park,Nature Preserve,True,False,Washington D.C.,202-633-2614
530,Vietnam Veterans Memorial,Nature Preserve,True,False,Washington D.C.,202-485-9880
531,Cognacq-Jay Museum,Museum,True,True,Paris,1 40 27 07 21
532,Conciergerie,Museum,True,True,Paris,1 53 40 60 80
533,Finsbury Park,Park,False,False,London,20 8489 1000
534,Barbican Centre,Performing Arts Venue,False,True,London,20 7638 8891
535,Cambridge Theatre,Performing Arts Venue,False,True,London,20 7087 7745
536,Dominion Theatre,Performing Arts Venue,False,True,London,845 200 7982
537,English National Opera,Performing Arts Venue,False,True,London,20 7836 0111
538,ExCeL London,Performing Arts Venue,False,False,London,20 7055 1920
539,Leicester Square,Performing Arts Venue,True,True,London,20 7734 4507
540,Open Air Theatre,Performing Arts Venue,True,True,London,333 400 3562
541,Roundhouse,Performing Arts Venue,True,True,London,300 678 9222
542,Royal Albert Hall,Performing Arts Venue,True,True,London,020 7589 8212
543,Cathedral of St. Matthew the Apostle,Place of Worship,False,False,Washington D.C.,202-347-3215
544,Dumbarton Oaks Museum,Museum,False,True,Washington D.C.,202-339-6401
545,Ford's Theatre,Performing Arts Venue,False,True,Washington D.C.,202-347-4833
546,Franklin Delano Roosevelt Memorial,Historical Landmark,False,False,Washington D.C.,202-376-6704
547,"Hillwood Estate, Museum & Gardens",Museum,True,False,Washington D.C.,202-686-5807
548,Hirshhorn Museum,Museum,False,False,Washington D.C.,202-633-1000
549,International Spy Museum,Museum,True,True,Washington D.C.,202-393-7798
550,John F. Kennedy Center for the Performing Arts,Performing Arts Venue,True,True,Washington D.C.,800-444-1324
551,99 Wonderland Park,Park,True,True,Kuala Lumpur,12-559 9034
552,"Aquaria KLCC, Kuala Lumpur.",Nature Preserve,False,True,Kuala Lumpur,3-2333 1888
553,"Central Market Kuala Lumpur, Wilayah Persekutuan",Shopping Area,True,False,Kuala Lumpur,1-300-22-8688
554,ICC Pudu,Shopping Area,True,True,Kuala Lumpur,3-2111 1111
555,Jamek Mosque,Place of Worship,False,True,Kuala Lumpur,3-2691 2829
556,KL Tower Mini Zoo,Nature Preserve,False,True,Kuala Lumpur,3-2022 3943
557,Kuala Lumpur Bird Park,Nature Preserve,False,True,Kuala Lumpur,3-2272 1010
558,Menara Kuala Lumpur,Tourist Attraction,False,True,Kuala Lumpur,3-2034 2609
559,National Art Gallery,Museum,True,True,Kuala Lumpur,3-4041 8720
560,National Museum of Malaysia,Museum,True,False,Kuala Lumpur,3-2282 6255
561,Sydney Harbour Bridge,Historical Landmark,False,True,Sydney,2 8274 7777
562,"National Rail Museum, New Delhi",Museum,True,True,Delhi,11 2688 1828
563,National Zoological Park,Nature Preserve,True,True,Delhi,11 2435 9825
564,Qutub Minar,Historical Landmark,True,True,Delhi,11 2469 8431
565,Raj Ghat,Historical Landmark,True,False,Delhi,11 2567 5609
566,Shree Adya Katyayani Shaktipeeth,Place of Worship,True,False,Delhi,11 2680 2360
567,Kyoto Garden,Park,True,True,London,20 7361 3003
568,Mudchute Park and Farm,Park,True,True,London,20 7515 5901
569,Ravenscourt Park,Park,True,True,London,20 8748 3020
570,WWT London Wetland Centre,Nature Preserve,False,True,London,20 8409 4400
571,Walthamstow Wetlands,Nature Preserve,False,True,London,20 8496 2115
572,ZSL London Zoo,Nature Preserve,False,False,London,20 7449 6200
573,World War II Memorial,Nature Preserve,False,False,Washington D.C.,202-426-6841
574,Pike Place Market,Shopping Area,False,True,Seattle,206-682-7453
575,National Science Centre,Museum,True,True,Kuala Lumpur,3-2089 3400
576,"Petrosains, The Discovery Centre",Museum,False,True,Kuala Lumpur,3-2331 8181
577,Giraffe Centre,Nature Preserve,False,True,Nairobi,20 891078
578,Karura Forest,Nature Preserve,False,True,Nairobi,20 2020285
579,Nairobi National Park,Nature Preserve,True,True,Nairobi,20 2423423
580,Museum of the American Revolution,Museum,False,True,Philadelphia,877-740-1776
581,Philadelphia Museum of Art,Museum,False,True,Philadelphia,215-763-8100
582,EdgeWalk at the CN Tower,Tourist Attraction,True,False,Toronto,416-601-3833
583,Edwards Gardens,Park,True,True,Toronto,416-392-8188
584,Fantasy Fair,Theme Park,True,True,Toronto,416-674-5437
585,Harbourfront Centre,Performing Arts Venue,True,True,Toronto,416-973-4000
586,Hart House,Performing Arts Venue,True,False,Toronto,416-946-7196
587,Griffith Park,Park,False,False,Los Angeles,323-913-4688
588,Runyon Canyon Park,Park,False,False,Los Angeles,818-243-1145
589,Museum of the Bible,Museum,False,True,Washington D.C.,866-430-6682
590,National Archives Museum,Museum,True,True,Washington D.C.,202-357-5000
591,National Building Museum,Museum,False,True,Washington D.C.,202-849-2500
592,National Gallery of Art,Museum,True,True,Washington D.C.,(202) 737-4215
593,National Museum of Women in the Arts,Museum,True,True,Washington D.C.,202-783-5000
594,Newseum,Museum,True,True,Washington D.C.,202-292-6100
595,Renwick Gallery,Museum,True,True,Washington D.C.,202-633-2850
596,Smithsonian American Art Museum,Museum,False,True,Washington D.C.,202-633-1000
597,National Academy of Sciences,Historical Landmark,True,True,Washington D.C.,(202) 334-2158
598,Petersen House,Historical Landmark,True,True,Washington D.C.,202-347-4833
599,President Lincoln's Cottage,Historical Landmark,True,True,Washington D.C.,202-829-0436
600,Washington Monument,Historical Landmark,True,True,Washington D.C.,202-426-6841
601,National Gallery of Modern Art,Museum,False,False,Delhi,11 2338 2835
602,London Oratory,Place of Worship,True,True,London,7595 724300
603,Southwark Cathedral,Place of Worship,True,True,London,20 7367 6700
604,"St Helen's Church, Bishopgate",Place of Worship,True,True,London,20 7283 2231
605,St Martin-in-the-Fields,Place of Worship,True,True,London,20 7766 1100
606,St Mary-le-Bow,Place of Worship,True,True,London,20 7248 5139
607,Temple Church,Place of Worship,True,True,London,20 7353 3470
608,The East London Mosque & London Muslim Centre,Place of Worship,True,True,London,20 7650 3000
609,Union Chapel,Place of Worship,True,True,London,20 7226 3750
610,Westminster Cathedral,Place of Worship,True,True,London,20 7798 9055
611,Downsview Park,Park,False,True,Toronto,416-952-2225
612,Smithsonian National Museum of Natural History,Museum,True,True,Washington D.C.,(202) 786-2778
613,United States Holocaust Memorial Museum,Museum,True,True,Washington D.C.,(202) 488-0400
614,Museum of Illusions,Museum,False,True,Toronto,416-889-2285
615,Ontario Science Centre,Museum,False,True,Toronto,(416) 696-1000
616,Lincoln Memorial,Historical Landmark,False,True,Washington D.C.,202-426-6841
617,Choco-Story Paris - Musee du Chocolat,Museum,False,True,Paris,1 42 29 68 60
618,Cinematheque Francaise,Museum,False,True,Paris,1 71 19 33 33
619,City of Science and Industry,Museum,False,True,Paris,1 40 05 70 00
620,Fondation Cartier pour l'Art Contemporain,Museum,False,True,Paris,1 42 18 56 50
621,Galerie Maeght,Museum,False,True,Paris,1 49 54 01 55
622,Galerie Perrotin,Museum,False,True,Paris,1 42 16 79 79
623,Gobelins Manufactory,Museum,True,True,Paris,1 44 08 53 49
624,National Geographic Museum,Museum,False,False,Washington D.C.,202-857-7700
625,National Museum of African American History and Culture,Museum,True,False,Washington D.C.,844-750-3012
626,Louvre Museum,Museum,True,True,Paris,1 44 58 38 01
627,Maison de Balzac,Museum,True,True,Paris,1 55 74 41 80
628,Musee Jacquemart-Andre,Museum,True,True,Paris,1 45 62 11 59
629,Musee Maillol,Museum,True,True,Paris,1 42 22 59 58
630,Musee Marmottan Monet,Museum,True,True,Paris,1 44 96 50 33
631,Musee d'Orsay,Museum,True,True,Paris,1 42 22 07 74
632,Fashion and Textile Museum,Museum,True,True,London,7967 915339
633,Florence Nightingale Museum,Museum,True,True,London,20 7188 4400
634,Freud Museum London,Museum,True,True,London,20 7435 2002
635,Fulham Palace,Museum,True,True,London,20 7736 3233
636,Geffrye Museum of the Home,Museum,True,False,London,20 7739 8543
637,God's Own Junkyard,Museum,True,True,London,20 8521 8066
638,Penn Museum,Museum,False,False,Philadelphia,215-898-4000
639,Royal Opera House,Performing Arts Venue,False,True,London,20 7304 4000
640,Wings Over Washington,Theme Park,True,False,Seattle,206-602-1808
641,Glebe Markets,Shopping Area,False,True,Sydney,419 291 449
642,Kirribilli Markets,Shopping Area,True,False,Sydney,2 9922 4428
643,Paddington Markets,Shopping Area,False,True,Sydney,2 9331 2923
644,Paddy's Market Haymarket,Shopping Area,True,True,Sydney,2 9325 6200
645,Sydney Fish Market,Shopping Area,False,True,Sydney,2 9004 1100
646,Sydney Markets,Shopping Area,True,True,Sydney,2 9325 6200
647,The Rocks Market,Shopping Area,True,True,Sydney,412 271 725
648,Holy Trinity Brompton,Place of Worship,True,False,London,20 7052 0200
649,London Central Mosque,Place of Worship,False,True,London,20 7724 3363
650,Palmers Green Mosque,Place of Worship,True,False,London,20 8920 3990
651,Hyde Park,Park,True,True,Sydney,2 9265 9333
652,Nielsen Park,Park,False,True,Sydney,2 9337 5511
653,Parramatta Park,Park,True,True,Sydney,2 9895 7500
654,Royal Botanic Gardens,Park,False,True,Sydney,2 9231 8111
655,Sydney Park,Park,True,True,Sydney,2 9265 9333
656,Wendy Whiteley's Secret Garden,Park,True,True,Sydney,2 9936 8100
657,One Liberty Observation Deck,Tourist Attraction,True,True,Philadelphia,215-561-3325
658,Oriental Institute Museum,Museum,False,True,Chicago,773-702-9514
659,Peggy Notebaert Nature Museum,Museum,False,True,Chicago,773-755-5100
660,Madison Square Garden,Sports Venue,False,True,New York,212-465-6073
661,Rockefeller Plaza Ice Skating Rink,Sports Venue,False,True,New York,212-332-7654
662,Yankee Stadium,Sports Venue,False,True,New York,646-977-8000
663,Cables Wake Park,Theme Park,True,True,Sydney,2 4722 2537
664,Capitol Theatre,Performing Arts Venue,True,True,Sydney,2 9320 5000
665,Chinese Garden of Friendship,Park,True,False,Sydney,2 9240 8888
666,SeaWorld San Diego,Theme Park,True,True,San Diego,619-222-4732
667,Crystal Palace National Sports Centre,Sports Venue,True,False,London,20 8778 0131
668,Natural History Museum Ice Rink,Sports Venue,True,True,London,20 7942 5000
669,St. Paul's Cathedral,Place of Worship,False,True,London,20 7236 4128
670,Flip Out Castle Hill,Sports Venue,True,True,Sydney,2 8810 3374
671,"Sri Mahamariamman Temple, Kuala Lumpur",Place of Worship,False,True,Kuala Lumpur,3-2078 5323
672,Thean Hou Temple,Place of Worship,True,True,Kuala Lumpur,3-2260 1623
673,St. Lawrence Market,Shopping Area,True,True,Toronto,416-392-7219
674,Toronto Christmas Market,Shopping Area,True,False,Toronto,416-369-9766
675,"Saint-Eustache, Paris",Place of Worship,True,True,Paris,1 42 36 31 05
676,Saint-Nicholas-des-Champs,Place of Worship,True,True,Paris,1 42 72 92 54
677,Saint-Nicolas du Chardonnet,Place of Worship,True,False,Paris,1 44 27 07 90
678,Saint-Etienne-du-Mont,Place of Worship,True,True,Paris,1 43 54 11 79
679,Eglise Saint-Sulpice,Place of Worship,True,True,Paris,1 42 34 59 98
680,Millennium Park,Park,False,False,Chicago,312-742-1168
681,Lincoln Park Zoo,Nature Preserve,False,True,Chicago,312-742-2000
682,Shedd Aquarium,Nature Preserve,False,True,Chicago,312-939-2428
683,Grand Palais,Museum,True,False,Paris,1 44 13 17 17
684,Homme Museum,Museum,True,False,Paris,1 44 05 72 92
685,Louis Vuitton Foundation,Museum,True,False,Paris,1 40 69 96 00
686,Maison de Verre,Historical Landmark,True,True,Paris,1 45 44 91 21
687,Napoleon's Tomb,Historical Landmark,True,True,Paris,810 11 33 99
688,The Thinker,Historical Landmark,True,True,Paris,1 44 18 61 10
689,Les Invalides,Historical Landmark,False,True,Paris,1 44 42 38 77
690,Louvre Palace,Historical Landmark,False,True,Paris,1 40 20 50 50
691,Pantheon,Historical Landmark,False,True,Paris,1 44 32 18 00
692,Reading Terminal Market,Shopping Area,False,False,Philadelphia,215-922-2317
693,High Park,Park,False,True,Toronto,416-338-0338
694,Queen's Park,Park,True,True,Toronto,416-325-7500
695,Riverdale Farm,Park,False,True,Toronto,416-392-6794
696,Toronto Botanical Garden,Park,False,True,Toronto,416-397-1354
697,The Power Plant Contemporary Art Gallery,Museum,False,True,Toronto,416-973-4949
698,S. R. Crown Hall,Historical Landmark,False,False,Chicago,312-567-3230
699,The Picasso,Historical Landmark,True,True,Chicago,312-744-5000
700,Tribune Tower,Historical Landmark,True,False,Chicago,312-222-3994
701,Petronas Twin Towers,Tourist Attraction,False,False,Kuala Lumpur,3-2331 8080
702,"Smart Museum of Art, The University of Chicago",Museum,True,True,Chicago,773-702-0200
703,The Art Institute of Chicago,Museum,True,True,Chicago,(312) 443-3600
704,The Field Museum,Museum,True,True,Chicago,(312) 922-9410
705,Grande Mosquee de Paris,Place of Worship,False,True,Paris,1 45 35 97 33
706,L'eglise de la Madeleine,Place of Worship,False,True,Paris,1 44 51 69 00
707,Garden of the botanical school,Park,True,True,Paris,1 40 79 56 01
708,Jardin des Plantes,Park,True,True,Paris,1 40 79 54 48
709,La Villette,Park,False,True,Paris,1 40 03 75 75
710,Luxembourg Gardens,Park,True,True,Paris,1 42 34 23 62
711,Parc Andre Citroen,Park,False,True,Paris,1 53 98 73 84
712,Parc Monceau,Park,False,True,Paris,1 42 27 39 56
713,Parc Montsouris,Park,False,True,Paris,1 53 90 67 14
714,Yonge-Dundas Square,Performing Arts Venue,False,True,Toronto,416-979-9960
715,Museo Nacional de Antropologia,Museum,True,True,Mexico City,222 222 2222
716,Museo Nacional de las Culturas,Museum,True,True,Mexico City,55 5542 0422
717,Museo de Arte Moderno,Museum,True,True,Mexico City,55 8647 5530
718,Museo de Historia Natural,Museum,True,True,Mexico City,55 5515 2222
719,Museo del Caracol,Museum,True,True,Mexico City,55 5211 5239
720,Papalote Museo del Nino,Museum,True,True,Mexico City,55 5237 1773
721,Golden Hinde,Museum,True,True,London,20 7403 0123
722,Wet'n'Wild Sydney,Theme Park,True,True,Sydney,139697
723,Splash The Water Park,Theme Park,False,True,Delhi,92500 55222
724,Wellington Arch,Historical Landmark,True,True,London,1793 414926
725,"Shri Kalka Ji Temple, New Delhi",Place of Worship,True,True,Delhi,92050 84060
726,Madinah Masjid,Place of Worship,True,False,Toronto,416-465-7833
727,St. Michael's Cathedral Basilica,Place of Worship,False,True,Toronto,416-397-6367
728,London Aquatics Centre,Sports Venue,False,True,London,20 8536 3150
729,London Stadium,Sports Venue,False,True,London,800 644 4990
730,Queen Elizabeth Olympic Park,Sports Venue,False,True,London,952 777 7659
731,30 St Mary Axe (The Gherkin),Historical Landmark,False,True,London,20 7071 5029
732,Admiralty Arch,Historical Landmark,False,True,London,20 7276 5000
733,Alexandra Palace,Performing Arts Venue,True,False,London,20 8365 2121
734,All Souls Langham Place,Place of Worship,True,True,London,20 7580 3522
735,Apsley House,Museum,False,True,London,1793 414926
736,ArcelorMittal Orbit,Historical Landmark,False,False,London,333 800 8099
737,Arenes de Lutece,Historical Landmark,False,False,Paris,1 45 35 02 56
738,Ballon Generali,Tourist Attraction,False,True,Paris,1 44 26 20 00
739,Bois de Vincennes,Park,False,True,Paris,1 49 57 15 15
740,Les Deux Plateaux,Historical Landmark,True,True,Paris,1 88 33 03 85
741,Les Invalides,Historical Landmark,True,True,Paris,1 44 42 38 77
742,Pyramide Inversee,Historical Landmark,False,True,Paris,1 40 20 53 17
743,Barbican Conservatory,Park,True,True,London,20 7638 4141
744,Choco-Story Paris - Musee du Chocolat,Museum,True,False,Paris,1 42 29 68 60
745,Cite de l'economie et de la monnaie,Museum,True,False,Paris,1 86 47 10 10
746,Conciergerie,Museum,False,True,Paris,1 53 40 60 80
747,Grand Palais,Museum,False,True,Paris,1 44 13 17 17
748,Aga Khan Museum,Museum,True,True,Toronto,416-646-4677
749,Allan Gardens,Park,True,True,Toronto,416-392-7288
750,Ashbridge's Bay,Park,True,True,Toronto,416-392-2489
751,Christie Pits,Park,True,True,Toronto,416-338-4386
752,EdgeWalk at the CN Tower,Tourist Attraction,True,True,Toronto,416-601-3833
753,Edwards Gardens,Park,True,False,Toronto,416-392-8188
754,Friends of Guild Park & Gardens,Park,True,False,Toronto,416-392-2489
755,Harbourfront Centre,Performing Arts Venue,True,False,Toronto,416-973-4000
756,Dolby Theatre,Performing Arts Venue,True,False,Los Angeles,323-308-6300
757,Skirball Cultural Center,Performing Arts Venue,True,True,Los Angeles,310-440-4500
758,Walt Disney Concert Hall,Performing Arts Venue,True,True,Los Angeles,323-850-2000
759,56 Signers of the Declaration of Independence Memorial,Nature Preserve,False,True,Washington D.C.,202-426-6841
760,Cathedral of St. Matthew the Apostle,Place of Worship,True,False,Washington D.C.,202-347-3215
761,Ford's Theatre,Performing Arts Venue,False,False,Washington D.C.,202-347-4833
762,Franklin Delano Roosevelt Memorial,Historical Landmark,True,True,Washington D.C.,202-376-6704
763,Georgetown Park,Nature Preserve,True,True,Washington D.C.,202-895-6000
764,"Hillwood Estate, Museum & Gardens",Museum,False,True,Washington D.C.,202-686-5807
765,Hirshhorn Museum,Museum,False,True,Washington D.C.,202-633-1000
766,Kenilworth Park & Aquatic Gardens,Nature Preserve,True,False,Washington D.C.,202-692-6080
767,Bazylika Archikatedralna w Warszawie p.w. Meczenstwa sw. Jana Chrzciciela,Place of Worship,False,True,Warsaw,22 831 02 89
768,Center for Biological Diversity Conservation in Powsin,Park,False,True,Warsaw,22 648 38 56
769,Center for Contemporary Art Ujazdowski Castle,Museum,True,True,Warsaw,22 628 12 71
770,City Zoological Garden in Warsaw,Nature Preserve,False,True,Warsaw,22 619 40 41
771,Copernicus Science Centre,Museum,True,True,Warsaw,22 596 41 00
772,Culture Park in Powsin,Park,True,True,Warsaw,22 648 48 11
773,Fryderyk Chopin Museum,Museum,True,True,Warsaw,22 441 61 91
774,Holy Cross Church,Place of Worship,True,True,Warsaw,22 556 88 21
775,Kosciol Akademicki sw. Anny,Place of Worship,True,True,Warsaw,22 826 89 91
776,Moczydlo Park,Nature Preserve,True,True,Warsaw,22 162 73 40
777,Estanquillo Museum,Museum,True,True,Mexico City,55 5521 3052
778,Former College of San Ildefonso,Museum,True,True,Mexico City,55 3602 0000
779,Interactive Museum of Economics,Museum,True,True,Mexico City,55 5130 4600
780,Memory and Tolerance Museum,Museum,False,True,Mexico City,55 5130 5555
781,Museo Casa Estudio Diego Rivera and Frida Kahlo,Museum,False,False,Mexico City,55 8647 5470
782,Museo Dolores Olmedo,Museum,False,True,Mexico City,55 5555 1221
783,City of Fashion and Design,Performing Arts Venue,True,True,Paris,1 76 77 25 30
784,Grevin Museum,Museum,True,True,Paris,1 47 70 85 05
785,Homme Museum,Museum,True,True,Paris,1 44 05 72 92
786,Acuario Inbursa,Nature Preserve,True,False,Mexico City,55 5395 4586
787,Casa Lamm Cultural Center,Performing Arts Venue,False,True,Mexico City,55 5525 3938
788,Central de Abastos Iztapalapa,Shopping Area,True,True,Mexico City,55 5600 6248
789,Centro Deportivo Chapultepec,Sports Venue,False,True,Mexico City,55 5254 3232
790,Diana the Huntress Fountain,Historical Landmark,False,False,Mexico City,800 008 9090
791,Maritime Museum of San Diego,Museum,True,True,San Diego,619-234-9153
792,San Diego Air & Space Museum,Museum,True,True,San Diego,619-234-8291
793,San Diego Natural History Museum,Museum,True,True,San Diego,877-946-7797
794,The San Diego Museum of Art,Museum,True,True,San Diego,619-232-7931
795,Design Museum,Museum,True,True,London,20 7403 6933
796,Geffrye Museum of the Home,Museum,True,True,London,20 7739 8543
797,Horniman Museum and Gardens,Museum,True,True,London,20 8699 1872
798,House of Illustration,Museum,True,True,London,20 3696 2020
799,Le Village Royal,Shopping Area,True,True,Paris,1 53 43 30 30
800,Angels Flight Railway,Historical Landmark,True,True,Los Angeles,213-626-1901
801,Autry Museum of the American West,Museum,False,True,Los Angeles,323-667-2000
802,Battleship USS Iowa Museum,Museum,True,True,Los Angeles,877-446-9261
803,Bradbury Building,Historical Landmark,False,True,Los Angeles,213-626-1893
804,California African American Museum,Museum,True,False,Los Angeles,213-744-7432
805,Cathedral of Our Lady of the Angels,Place of Worship,True,False,Los Angeles,213-680-5200
806,Alki Beach Park,Park,False,True,Seattle,206-684-4075
807,Bill Speidel's Underground Tour,Tourist Attraction,True,True,Seattle,206-682-4646
808,Burke Museum of Natural History and Culture,Museum,True,True,Seattle,206-685-3861
809,Carkeek Park,Park,True,True,Seattle,206-684-0877
810,Discovery Park,Park,False,True,Seattle,206-386-4236
811,Frye Art Museum,Museum,False,True,Seattle,206-223-1707
812,Gum Wall,Tourist Attraction,True,True,Seattle,206-587-2414
813,Kubota Garden,Park,False,True,Seattle,206-725-5060
814,Aquaria KLCC,Nature Preserve,True,True,Kuala Lumpur,3-2333 1888
815,Central Market Kuala Lumpur,Shopping Area,False,True,Kuala Lumpur,1-300-22-8688
816,Federal Territory Mosque,Place of Worship,False,True,Kuala Lumpur,3-6201 8791
817,ICC Pudu,Shopping Area,False,True,Kuala Lumpur,3-2111 1111
818,Jamek Mosque,Place of Worship,True,False,Kuala Lumpur,3-2691 2829
819,Kuala Lumpur Butterfly Park,Park,True,True,Kuala Lumpur,3-2693 4799
820,Menara Kuala Lumpur,Tourist Attraction,True,True,Kuala Lumpur,3-2034 2609
821,National Museum of Malaysia,Museum,False,True,Kuala Lumpur,3-2282 6255
822,Air And Space Museum,Museum,False,True,Rio de Janeiro,21 2157-2895
823,Aquario Marinho do Rio de Janeiro,Nature Preserve,True,True,Rio de Janeiro,21 2042-5312
824,Catedral Metropolitana de Sao Sebastiao do Rio de Janeiro,Place of Worship,False,True,Rio de Janeiro,21 2240-2669
825,Catete Palace,Museum,True,True,Rio de Janeiro,21 2127-0324
826,Cidade das Artes,Performing Arts Venue,False,True,Rio de Janeiro,21 3325-0102
827,Flamengo Park,Park,False,True,Rio de Janeiro,21 96967-9339
828,Fundicao Progresso,Performing Arts Venue,False,True,Rio de Janeiro,21 3212-0800
829,Maracana,Sports Venue,False,True,Rio de Janeiro,800 062 7222
830,Modern Art Museum,Museum,True,True,Rio de Janeiro,21 3883-5600
831,Municipal Theater of Rio de Janeiro,Performing Arts Venue,True,True,Rio de Janeiro,21 2332-9009
832,Akshardham,Place of Worship,False,True,Delhi,11 4344 2344
833,Adventure Island,Theme Park,True,True,Delhi,83770 02902
834,Kashmiri Gate,Historical Landmark,True,True,Delhi,11 2397 9261
835,Khan Market,Shopping Area,True,True,Delhi,85275 33160
836,National Gallery of Modern Art,Museum,True,True,Delhi,11 2338 2835
837,National War Memorial,Nature Preserve,True,True,Delhi,11 2338 8553
838,Raj Ghat,Historical Landmark,True,True,Delhi,11 2567 5609
839,Fun N Food Village,Theme Park,False,True,Delhi,99900 06518
840,Humayun's Tomb,Historical Landmark,False,True,Delhi,11 2435 5275
841,India Gate,Historical Landmark,False,True,Delhi,11 2336 5358
842,Jama Masjid,Place of Worship,False,False,Delhi,11 2326 8344
843,Jhandewalan Temple,Place of Worship,False,False,Delhi,11 2353 9977
844,Just Chill Water Park,Theme Park,False,True,Delhi,99104 99774
845,Balboa Park,Park,False,False,San Diego,619-239-0512
846,Belmont Park,Theme Park,True,True,San Diego,858-228-9283
847,Fiesta Island Park,Park,False,True,San Diego,619-525-8213
848,Japanese Friendship Garden,Park,True,True,San Diego,619-232-2721
849,Journey to Atlantis,Theme Park,False,True,San Diego,619-222-4732
850,La Jolla Shores Park,Park,False,False,San Diego,619-221-8899
851,Korean Friendship Bell,Historical Landmark,True,True,Los Angeles,310-548-7705
852,360 CHICAGO,Tourist Attraction,False,True,Chicago,888-875-8439
853,Big Bus Tours Chicago (Tours begin at 98 E. Upper Wacker Dr.),Tourist Attraction,True,True,Chicago,877-285-4796
854,Chicago History Museum,Museum,False,True,Chicago,800-526-0857
855,Chicago Riverwalk,Park,False,True,Chicago,877-300-6746
856,Chicago Water Tower,Tourist Attraction,False,True,Chicago,312-742-0808
857,DuSable Museum of African American History,Museum,True,True,Chicago,773-947-0600
858,Frederick C. Robie House,Museum,True,True,Chicago,312-994-4000
859,Fenton House,Historical Landmark,True,True,London,20 7435 3471
860,Guildhall,Historical Landmark,False,True,London,20 7606 3030
861,London Wall,Historical Landmark,False,True,London,370 333 1181
862,Millennium Bridge,Historical Landmark,True,True,London,20 7606 3030
863,Old Royal Naval College,Historical Landmark,True,True,London,20 8269 4799
864,The London Dungeon,Historical Landmark,True,True,London,20 7654 0809
865,The Shard,Historical Landmark,False,True,London,844 499 7111
866,Cambridge Theatre,Performing Arts Venue,True,True,London,20 7087 7745
867,Dominion Theatre,Performing Arts Venue,True,True,London,845 200 7982
868,ExCeL London,Performing Arts Venue,False,True,London,20 7055 1920
869,Leicester Square,Performing Arts Venue,False,True,London,20 7734 4507
870,Royal Albert Hall,Performing Arts Venue,False,True,London,20 7589 8212
871,Royal Opera House,Performing Arts Venue,False,True,London,20 7212 9254
872,Battersea Park,Park,False,True,London,20 8871 7530
873,Brockwell Park,Park,True,False,London,20 7926 9000
874,Burgess Park,Park,False,True,London,20 7525 2000
875,Chelsea Physic Garden,Park,False,True,London,20 7352 5646
876,Crystal Palace Park,Park,False,False,London,300 303 8658
877,Dukes Meadows,Park,False,True,London,20 8994 3314
878,Finsbury Park,Park,False,True,London,20 8489 1000
879,Garden at Buckingham Palace,Park,False,True,London,20 7930 4832
880,Art Gallery of Ontario,Museum,False,True,Toronto,877-225-4246
881,BAPS Shri Swaminarayan Mandir,Place of Worship,False,True,Toronto,416-798-2277
882,Brookfield Place,Shopping Area,False,True,Toronto,416-777-6480
883,Centennial Park,Park,False,True,Toronto,416-394-8750
884,California Academy of Sciences,Museum,False,True,San Francisco,415-379-8000
885,Cartoon Art Museum,Museum,True,True,San Francisco,415-227-8666
886,Children's Creativity Museum,Museum,True,True,San Francisco,415-820-3320
887,Exploratorium,Museum,False,True,San Francisco,415-528-4444
888,Madame Tussauds,Museum,True,True,San Francisco,415-757-2707
889,Museum of the African Diaspora,Museum,True,True,San Francisco,415-358-7252
890,USS Pampanito,Museum,True,True,San Francisco,415-775-1943
891,Long Beach Museum of Art,Museum,False,False,Long Beach,800-708-2538
892,Museum of Latin American Art (MOLAA),Museum,True,False,Long Beach,562-437-1689
893,Lincoln Memorial,Historical Landmark,True,True,Washington D.C.,202-426-6841
894,National Academy of Sciences,Historical Landmark,True,True,Washington D.C.,202-334-2000
895,Thomas Jefferson Memorial,Historical Landmark,True,True,Washington D.C.,202-426-6841
896,"Gladstone Park, London",Park,True,True,London,20 8937 1234
897,Green Park,Park,True,True,London,20 7839 7639
898,Highbury Fields,Park,True,True,London,20 7527 2000
899,Holland Park,Park,True,True,London,20 7602 2226
900,Hyde Park,Park,True,True,London,300 061 2000
901,Saint Dunstan in the East Church Garden,Park,True,True,London,20 7374 4127
902,Bo-Kaap,Museum,True,True,Cape Town,21 481 3938
903,Cape Town Stadium,Sports Venue,False,True,Cape Town,21 417 0120
904,Cape of Good Hope,Nature Preserve,False,True,Cape Town,21 780 9526
905,District Six Museum,Museum,True,True,Cape Town,21 466 7200
906,Kirstenbosch National Botanical Garden,Park,True,True,Cape Town,21 799 8783
907,Oranjezicht City Farm - Market,Shopping Area,True,True,Cape Town,83 628 3426
908,Rush Trampoline Park,Sports Venue,True,True,Cape Town,21 683 3841
909,Two Oceans Aquarium,Nature Preserve,True,True,Cape Town,21 418 3823
910,Zeitz Museum of Contemporary Art Africa,Museum,False,True,Cape Town,87 350 4777
911,9/11 Tribute Museum,Museum,False,True,New York,866-737-1184
912,American Folk Art Museum,Museum,False,True,New York,212-595-9533
913,American Museum of Natural History,Museum,False,True,New York,212-769-5100
914,Brooklyn Museum,Museum,False,True,New York,718-638-5000
915,David Zwirner,Museum,True,True,New York,212-727-2070
916,El Museo del Barrio,Museum,False,True,New York,917-634-0340
917,Gavin Brown's enterprise,Museum,False,True,New York,212-627-5258
918,ANZ Stadium,Sports Venue,True,True,Sydney,2 8765 2000
919,Art Gallery of New South Wales,Museum,False,True,Sydney,2 9225 1700
920,Australian National Maritime Museum,Museum,True,True,Sydney,2 9298 3777
921,"Bicentennial Park, Homebush Bay",Park,True,True,Sydney,2 9714 7888
922,Bondi to Bronte Coastal Walk,Tourist Attraction,False,True,Sydney,406 333 665
923,Bondi to Coogee Walk,Tourist Attraction,True,True,Sydney,481 865 553
924,BridgeClimb Sydney,Tourist Attraction,False,True,Sydney,2 8274 7777
925,Capitol Theatre,Performing Arts Venue,False,True,Sydney,2 9320 5000
926,Arizona Capitol Museum,Museum,False,True,Phoenix,602-926-3620
927,Arizona Science Center,Museum,True,True,Phoenix,602-716-2000
928,Castles N' Coasters,Theme Park,False,True,Phoenix,602-997-7575
929,Desert Botanical Garden,Park,False,True,Phoenix,480-941-1225
930,Dream City Church * Phoenix,Place of Worship,True,True,Phoenix,602-867-7117
931,Encanto Park,Park,True,False,Phoenix,602-261-8991
932,Enchanted Island Amusement Park,Theme Park,False,True,Phoenix,602-254-1200
933,Heard Museum,Museum,True,False,Phoenix,602-252-8840
934,Hole in the Rock,Historical Landmark,False,True,Phoenix,602-495-5458
935,Exposition Park,Park,False,True,Los Angeles,213-744-7458
936,Grand Park,Park,True,True,Los Angeles,213-972-8080
937,Lake Hollywood Park,Park,False,True,Los Angeles,818-243-1145
938,Runyon Canyon Park,Park,True,True,Los Angeles,818-243-1145
939,Grammy Museum L.A. Live,Museum,False,True,Los Angeles,213-765-6800
940,Los Angeles County Museum of Art,Museum,True,True,Los Angeles,323-857-6000
941,Museum of Death,Museum,False,True,Los Angeles,323-466-8011
942,Natural History Museum of Los Angeles County (NHM),Museum,True,True,Los Angeles,213-763-3499
943,92nd Street Y,Performing Arts Venue,False,True,New York,212-415-5500
944,Alley Pond Park,Park,True,True,New York,212-639-9675
945,Astoria Park,Park,True,True,New York,212-639-9675
946,Balto Statue,Tourist Attraction,False,False,New York,212-310-6600
947,Bayonne Bridge,Historical Landmark,False,True,New York,212-435-7000
948,Bethesda Terrace,Tourist Attraction,False,True,New York,212-310-6600
949,Bank of England Museum,Museum,False,False,London,20 3461 5545
950,Camden Arts Centre,Museum,False,False,London,20 7472 5500
951,Hoyt Arboretum,Park,True,True,Portland,503-865-8733
952,International Rose Test Garden,Park,False,True,Portland,503-823-3636
953,Laurelhurst Park,Park,True,True,Portland,503-823-2525
954,Mt Tabor Park,Park,True,True,Portland,503-823-7529
955,Oaks Amusement Park,Theme Park,True,True,Portland,503-233-5777
956,Oregon Zoo,Nature Preserve,False,True,Portland,503-226-1561
957,Pioneer Courthouse Square,Park,True,True,Portland,503-223-1613
958,Portland Art Museum,Museum,False,True,Portland,503-276-4249
959,Museum of Contemporary Art Australia,Museum,False,True,Sydney,2 9245 2400
960,Museum of Sydney,Museum,True,True,Sydney,2 9251 5988
961,Powerhouse Museum,Museum,True,True,Sydney,2 9217 0111
962,Sydney Jewish Museum,Museum,False,True,Sydney,2 9360 7999
963,White Rabbit Gallery,Museum,True,False,Sydney,2 8399 2867
964,One Liberty Observation Deck,Tourist Attraction,True,False,Philadelphia,215-561-3325
965,Rocky Steps,Tourist Attraction,True,True,Philadelphia,215-763-8100
966,Angel Stadium of Anaheim,Sports Venue,True,True,Anaheim,714-940-2000
967,Cars Land,Tourist Attraction,True,True,Anaheim,714-781-4565
968,Disney California Adventure Park,Theme Park,False,True,Anaheim,714-781-7290
969,Disneyland Park,Theme Park,True,True,Anaheim,714-781-4636
970,Downtown Disney District,Tourist Attraction,True,True,Anaheim,714-781-4565
971,Honda Center,Sports Venue,True,True,Anaheim,714-704-2400
972,Matterhorn Bobsleds,Theme Park,True,True,Anaheim,714-781-4565
973,Mickey's Toontown,Tourist Attraction,False,True,Anaheim,714-781-4636
974,Pixar Pier,Tourist Attraction,True,False,Anaheim,714-781-4636
975,Alcatraz,Historical Landmark,True,True,San Francisco,415-561-4900
976,Coit Tower,Historical Landmark,False,True,San Francisco,415-249-0995
977,Ferry Plaza Farmers Market,Shopping Area,False,True,San Francisco,415-291-3276
978,Bloedel Conservatory,Park,False,False,Vancouver,604-257-8584
979,FlyOver Canada,Theme Park,False,True,Vancouver,855-463-4822
980,Jericho Beach,Park,False,True,Vancouver,604-873-7000
981,John Hendry Park,Park,True,True,Vancouver,604-873-7000
982,Museum of Vancouver,Museum,True,True,Vancouver,604-736-4431
983,Playland / PNE Events,Theme Park,True,True,Vancouver,604-253-2311
984,"Queen Elizabeth Park, British Columbia",Park,True,True,Vancouver,604-873-7000
985,Science World at TELUS World of Science,Museum,True,False,Vancouver,604-443-7440
986,Aquarium of the Pacific,Nature Preserve,False,False,Long Beach,562-590-3100
987,Earl Burns Miller Japanese Garden,Park,True,True,Long Beach,562-985-8885
988,El Dorado Nature Center,Park,False,True,Long Beach,562-570-3100
989,Harry Bridges Memorial Park,Park,True,True,Long Beach,562-570-5333
990,Rosie's Dog Beach,Park,True,True,Long Beach,562-570-3100
991,The Queen Mary,Historical Landmark,True,True,Long Beach,877-342-0738
992,Museo Jumex,Museum,False,True,Mexico City,55 5395 2615
993,Sydney Harbour Bridge,Historical Landmark,False,False,Sydney,2 8274 7777
994,Lan Su Chinese Garden,Park,False,False,Portland,503-228-8131
995,OMSI,Museum,True,False,Portland,503-797-4000
996,Bruce Lee and Brandon Lee Grave Sites,Tourist Attraction,True,False,Seattle,206-322-1582
997,Chihuly Garden and Glass,Museum,True,False,Seattle,206-753-4940
998,Fremont Troll,Historical Landmark,True,False,Seattle,206-684-2489
999,Blackbeard's Family Entertainment,Theme Park,True,False,Fresno,559-292-9000
1000,Christmas Tree Lane,Tourist Attraction,False,True,Fresno,559-348-9200
1001,Forestiere Underground Gardens,Historical Landmark,False,False,Fresno,559-271-0734
1002,Koala Park Sanctuary Sydney,Nature Preserve,True,False,Sydney,2 9484 3141
1003,Madame Tussauds Sydney,Tourist Attraction,True,True,Sydney,1800 205 851
1004,Mrs Macquarie's Chair,Tourist Attraction,True,True,Sydney,2 9231 8111
1005,Sunset Beach,Park,True,True,Vancouver,604-873-7000
1006,The Orpheum,Performing Arts Venue,True,True,Vancouver,604-665-3035
1007,VanDusen Botanical Garden,Park,True,True,Vancouver,604-257-8335
1008,Vancouver Aquarium,Nature Preserve,True,False,Vancouver,604-659-3502
1009,Al-Farooq Masjid,Place of Worship,True,True,Atlanta,678-886-3457
1010,Atlanta Botanical Garden,Park,True,True,Atlanta,404-876-5859
1011,CNN Studio Tours,Tourist Attraction,True,True,Atlanta,877-426-6868
1012,Chick-fil-A College Football Hall of Fame,Museum,True,False,Atlanta,404-880-4800
1013,Children's Museum of Atlanta,Museum,False,False,Atlanta,404-659-5437
1014,Fox Theatre,Performing Arts Venue,True,True,Atlanta,800-651-2316
1015,Chicago Cultural Center,Performing Arts Venue,False,False,Chicago,312-744-6630
1016,Philadelphia Museum of Art,Museum,True,True,Philadelphia,215-763-8100
1017,Simeone Foundation Automotive Museum,Museum,True,True,Philadelphia,215-365-7233
1018,Parque El Batan,Park,False,True,Mexico City,55 5595 6337
1019,Parque Hundido,Park,True,True,Mexico City,55 5605 4327
1020,Parque Tezozomoc,Park,False,True,Mexico City,55 5382 7209
1021,Korean War Veterans Memorial,Nature Preserve,False,True,Washington D.C.,202-426-6841
1022,Madame Tussauds Washington DC,Tourist Attraction,False,True,Washington D.C.,202-942-7300
1023,Tom McCall Waterfront Park,Park,False,False,Portland,503-823-7529
1024,California State Capitol Museum,Museum,True,False,Sacramento,916-445-2841
1025,California State Railroad Museum,Museum,True,False,Sacramento,916-323-9280
1026,Crocker Art Museum,Museum,True,True,Sacramento,916-808-7000
1027,Fairytale Town,Theme Park,False,True,Sacramento,916-808-5233
1028,Old Sacramento Waterfront District,Historical Landmark,True,True,Sacramento,916-970-5226
1029,Raging Waters Sacramento,Theme Park,True,True,Sacramento,916-924-3747
1030,Sacramento Zoo,Nature Preserve,False,True,Sacramento,916-808-5888
1031,Sutter's Fort State Historic Park,Nature Preserve,False,True,Sacramento,916-445-4422
1032,Hurricane Harbor Phoenix,Theme Park,False,True,Phoenix,623-201-2000
1033,Bronx Zoo,Nature Preserve,False,False,New York,718-367-1010
1034,Castle Clinton National Monument,Nature Preserve,False,True,New York,212-344-7220
1035,Central Park Zoo,Nature Preserve,True,True,New York,212-439-6500
1036,Fort Tilden,Nature Preserve,False,True,New York,718-338-3799
1037,New York Aquarium,Nature Preserve,False,True,New York,718-220-5100
1038,Prospect Park Zoo,Nature Preserve,False,True,New York,718-399-7339
1039,Queens Zoo,Nature Preserve,True,True,New York,718-271-1500
1040,Riverbank State Park,Nature Preserve,True,False,New York,212-694-3600
1041,Staten Island Zoo,Nature Preserve,True,True,New York,718-442-3101
1042,Mission Beach,Park,True,True,San Diego,858-488-1549
1043,Old Town San Diego State Historic Park,Nature Preserve,True,True,San Diego,619-220-5422
1044,Lavatory,Museum,True,False,Phoenix,480-968-7895
1045,Oasis Water Park,Theme Park,True,True,Phoenix,602-438-9000
1046,Phoenix Zoo,Nature Preserve,True,True,Phoenix,602-286-3800
1047,Brooklyn Botanic Garden,Park,True,True,New York,718-623-7200
1048,Brooklyn Heights Promenade,Park,True,True,New York,212-639-9675
1049,Carnegie Hall,Performing Arts Venue,True,False,New York,212-903-9765
1050,Central Park Carousel,Theme Park,True,True,New York,212-439-6900
1051,Circle Line Sightseeing Cruises,Tourist Attraction,True,True,New York,212-563-3200
1052,Alte Nationalgalerie,Museum,False,True,Berlin,30 266424242
1053,Altes Museum,Museum,False,True,Berlin,30 266424242
1054,Berggruen Museum,Museum,True,True,Berlin,30 266424242
1055,Berlin Museum of Medical History of the Charite,Museum,True,True,Berlin,30 450536156
1056,Berlin Story Bunker,Museum,False,True,Berlin,30 26555546
1057,Berlin-Hohenschonhausen Memorial,Museum,False,True,Berlin,30 98608230
1058,Berlinische Galerie,Museum,True,True,Berlin,30 78902600
1059,Bode Museum,Museum,True,False,Berlin,30 266424242
1060,Brohan Museum,Museum,True,True,Berlin,30 32690600
1061,Brucke Museum,Museum,False,True,Berlin,30 83900860
1062,Bartram's Garden,Park,False,True,Philadelphia,215-729-5281
1063,Benjamin Franklin Museum,Museum,False,True,Philadelphia,267-514-1522
1064,Betsy Ross House,Historical Landmark,False,False,Philadelphia,215-686-1252
1065,Blue Cross RiverRink,Sports Venue,True,False,Philadelphia,215-925-7465
1066,Cira Green,Park,True,True,Philadelphia,267-295-9565
1067,Eastern State Penitentiary,Museum,True,False,Philadelphia,215-236-5111
1068,Elfreth's Alley,Historical Landmark,False,True,Philadelphia,215-574-0560
1069,National Archives Museum,Museum,False,True,Washington D.C.,202-357-5000
1070,National Gallery of Art,Museum,True,True,Washington D.C.,202-737-4215
1071,National Geographic Museum,Museum,False,True,Washington D.C.,202-857-7700
1072,National Museum of African American History and Culture,Museum,False,True,Washington D.C.,844-750-3012
1073,Independence Park,Park,True,False,Chicago,773-478-3538
1074,International Museum of Surgical Science,Museum,True,True,Chicago,312-642-6502
1075,Lincoln Park Zoo,Nature Preserve,True,True,Chicago,312-742-2000
1076,Millennium Park,Park,True,True,Chicago,312-742-1168
1077,Ogrod Botaniczny Uniwersytetu Warszawskiego,Park,True,False,Warsaw,22 553 05 11
1078,Lazienki Park,Park,True,True,Warsaw,504 243 783
1079,Botanical Garden and Botanical Museum,Park,False,False,Berlin,30 83850100
1080,Britzer Garten,Park,False,True,Berlin,30 700906730
1081,Gardens of the World,Park,True,True,Berlin,30 700906720
1082,Grosser Tiergarten,Park,False,True,Berlin,30 901833101
1083,Humboldthain,Park,True,True,Berlin,30 90250
1084,Treptower Park,Park,True,True,Berlin,30 25002333
1085,Volkspark Friedrichshain,Park,True,True,Berlin,30 3339509
1086,La Feria Chapultepec Magico,Theme Park,True,False,Mexico City,55 5230 2121
1087,Museum of Contemporary Photography,Museum,True,True,Chicago,312-663-5554
1088,"Museum of Science and Industry, Chicago",Museum,False,True,Chicago,773-684-1414
1089,The House of Tiles,Historical Landmark,False,True,Mexico City,55 5512 1331
1090,DISCOVERY Children's Museum,Museum,False,False,Las Vegas,702-382-5437
1091,Floyd Lamb Park,Park,False,True,Las Vegas,702-229-8100
1092,Fremont Street Experience,Shopping Area,False,True,Las Vegas,702-678-5600
1093,Las Vegas Natural History Museum,Museum,True,True,Las Vegas,702-384-3466
1094,Old Las Vegas Mormon Fort State Historic Park,Nature Preserve,False,False,Las Vegas,702-486-3511
1095,Springs Preserve,Nature Preserve,True,True,Las Vegas,702-822-7700
1096,The Neon Museum,Museum,False,True,Las Vegas,702-387-6366
1097,Madinah Masjid,Place of Worship,True,True,Toronto,416-465-7833
1098,Parc Georges-Brassens,Park,True,True,Paris,1 55 76 75 15
1099,Parc floral de Paris,Park,True,True,Paris,1 49 57 25 50
1100,Museum of King Jan III's Palace at Wilanow,Museum,True,True,Warsaw,22 544 27 00
1101,Museum of Modern Art,Museum,True,True,Warsaw,22 596 40 10
1102,Museum of Warsaw,Museum,True,True,Warsaw,22 277 44 02
1103,Maggie Daley Park,Park,False,False,Chicago,312-552-3000
1104,Pulaski Park,Park,True,True,Chicago,312-742-7559
1105,The 606,Park,False,True,Chicago,312-742-4622
1106,Union Park,Park,False,True,Chicago,312-746-5494
1107,Borough Market,Shopping Area,True,True,London,20 7407 1002
1108,Crystal Palace National Sports Centre,Sports Venue,True,True,London,20 8778 0131
1109,Columbus Park,Park,True,True,New York,212-639-9675
1110,Coney Island Beach & Boardwalk,Park,True,True,New York,718-946-1350
1111,Crotona Park,Park,True,True,New York,212-639-9675
1112,Foley Square,Park,True,True,New York,212-639-9675
1113,Fort Greene Park,Park,True,True,New York,212-639-9675
1114,Sutro Baths,Historical Landmark,True,True,San Francisco,415-426-5240
1115,Kerry Park,Park,True,False,Seattle,206-684-4075
1116,Magnuson Park,Park,False,True,Seattle,206-684-4075
1117,High Museum of Art,Museum,True,False,Atlanta,404-733-4200
1118,Krog Street Tunnel,Tourist Attraction,True,True,Atlanta,404-492-0847
1119,Georgia Aquarium,Nature Preserve,False,True,Atlanta,404-581-4000
1120,Zoo Atlanta,Nature Preserve,False,True,Atlanta,404-624-5936
1121,Alcatraz Island,Historical Landmark,False,False,San Francisco,415-561-4900
1122,The Painted Ladies,Historical Landmark,False,True,San Francisco,415-831-2700
1123,The San Francisco Mint,Historical Landmark,True,False,San Francisco,415-890-2357
1124,Contemporary Jewish Museum,Museum,True,False,San Francisco,415-655-7800
1125,Museum of Pop Culture,Museum,True,True,Seattle,206-770-2702
1126,Griffith Park,Park,True,False,Los Angeles,323-913-4688
1127,Hollywood Walk of Fame,Tourist Attraction,False,True,Los Angeles,323-469-8311
1128,Hollywood Wax Museum(r),Tourist Attraction,False,True,Los Angeles,323-462-5991
1129,OUE Skyspace LA,Tourist Attraction,False,True,Los Angeles,213-894-9000
1130,"Public Art ""Urban Light""",Tourist Attraction,True,True,Los Angeles,323-857-6010
1131,The Venice Beach Boardwalk,Tourist Attraction,True,True,Los Angeles,310-396-6764
1132,AquaDom & SEA LIFE Berlin,Nature Preserve,False,True,Berlin,180 6 66690101
1133,Aquarium Berlin,Nature Preserve,False,False,Berlin,30 254010
1134,BeachMitte,Sports Venue,False,True,Berlin,177 2806861
1135,Berlin Cathedral Church,Place of Worship,True,False,Berlin,30 20269122
1136,Berlin Dungeon,Tourist Attraction,True,True,Berlin,180 6 255544
1137,Berlin Palace,Performing Arts Venue,False,False,Berlin,30 265950521
1138,Berlin State Opera,Performing Arts Venue,True,True,Berlin,30 20354555
1139,SeaWorld San Diego,Theme Park,False,False,San Diego,619-222-4732
1140,Fort Funston,Park,True,False,San Francisco,415-561-4700
1141,Deno's Wonder Wheel Amusement Park,Theme Park,False,True,New York,718-372-2592
1142,Jane's Carousel,Theme Park,False,True,New York,718-222-2502
1143,Luna Park,Theme Park,True,True,New York,718-373-5862
1144,The Cyclone Roller Coaster Coney Island NY,Theme Park,False,True,New York,718-373-5862
1145,Victorian Gardens Amusement Park,Theme Park,False,True,New York,212-982-2229
1146,Randall Museum,Museum,True,False,San Francisco,415-554-9600
1147,The Walt Disney Family Museum,Museum,True,False,San Francisco,415-345-6800
1148,Carl Schurz Park,Park,False,True,New York,212-459-4455
1149,"Martin Luther King, Jr. National Historical Park",Historical Landmark,True,True,Atlanta,404-331-5190
1150,Swan House at Atlanta History Center,Historical Landmark,True,True,Atlanta,404-814-4000
1151,Museum of Arts and Design,Museum,True,True,New York,212-299-7777
1152,Museum of the City of New York,Museum,True,True,New York,212-534-1672
1153,Neue Galerie,Museum,True,True,New York,212-994-9493
1154,New York Transit Museum,Museum,True,True,New York,718-694-1600
1155,Solomon R. Guggenheim Museum,Museum,True,True,New York,212-423-3500
1156,Staten Island Children's Museum,Museum,True,True,New York,718-273-2060
1157,Sunset Cliffs Natural Park,Park,False,False,San Diego,619-525-8213
1158,National Center for Civil and Human Rights,Museum,False,True,Atlanta,678-999-8990
1159,World of Coca-Cola,Museum,True,True,Atlanta,404-676-5151
1160,Seward Park,Park,False,True,Seattle,206-684-4396
1161,Children's Museum Of Manhattan,Museum,False,False,New York,212-721-1223
1162,Ellis Island National Museum of Immigration,Museum,True,False,New York,832-960-0009
1163,Hollyhock House,Historical Landmark,False,True,Los Angeles,323-988-0516
1164,Stahl House,Historical Landmark,False,True,Los Angeles,208-429-1058
1165,Lafayette Anticipations - Galeries Lafayette Corporate Foundation,Museum,True,True,Paris,1 57 40 64 17
1166,Museum of the Art and History of Judaism,Museum,True,True,Paris,1 53 01 86 53
1167,Musee Cernuschi,Museum,True,True,Paris,1 53 96 21 50
1168,Musee National Picasso-Paris,Museum,True,True,Paris,1 85 56 00 36
1169,Yerba Buena Gardens,Nature Preserve,True,False,San Francisco,415-820-3550
1170,War Memorial Opera House,Performing Arts Venue,False,False,San Francisco,415-865-2000
1171,Museum Of 3D Illusions,Museum,False,False,San Francisco,888-386-5585
1172,Japanese Tea Garden,Park,False,True,San Francisco,415-752-1171
1173,Lafayette Park,Park,False,True,San Francisco,415-601-7277
1174,Lake Merced Park,Park,False,False,San Francisco,415-831-5500
1175,Mission Dolores Park,Park,False,True,San Francisco,415-554-9521
1176,Salesforce Park,Park,False,True,San Francisco,415-597-5000
1177,Sigmund Stern Recreation Grove,Park,False,True,San Francisco,415-242-5649
1178,Pantheon,Historical Landmark,True,False,Paris,1 44 32 18 00
1179,San Diego Zoo,Nature Preserve,False,False,San Diego,619-231-1515
1180,San Diego Zoo Safari Park,Nature Preserve,False,True,San Diego,760-747-8702
1181,FDR Park,Nature Preserve,True,True,Philadelphia,215-683-3600
1182,Franklin Square,Park,True,True,Philadelphia,215-629-4026
1183,Independence National Historical Park,Nature Preserve,False,True,Philadelphia,215-965-2305
1184,Banqueting House,Tourist Attraction,True,False,London,333 320 6000
1185,Muzeum Czar PRL,Museum,True,True,Warsaw,511 044 808
1186,"Muzeum Rzezby im. Xawerego Dunikowskiego w Krolikarni, Oddzial Muzeum Narodowego w Warszawie",Museum,False,True,Warsaw,22 843 15 86
1187,National Museum of Ethnography,Museum,True,True,Warsaw,22 827 76 41
1188,Neon Museum,Museum,True,True,Warsaw,665 711 635
1189,Perdana Botanical Gardens,Park,True,True,Kuala Lumpur,3-2276 0432
1190,Petronas Twin Towers - KLCC,Tourist Attraction,True,True,Kuala Lumpur,3-2331 8080
1191,Rich Mix,Performing Arts Venue,True,False,London,20 7613 7498
1192,Bronx Little Italy,Tourist Attraction,False,False,New York,718-294-8259
1193,Madame Tussauds New York,Tourist Attraction,False,True,New York,(866) 841-3505
1194,National Geographic Encounter,Tourist Attraction,True,True,New York,646-308-1337
1195,One World Observatory,Tourist Attraction,True,False,New York,844-696-1776
1196,Strawberry Fields,Tourist Attraction,False,True,New York,212-639-9675
1197,Ripley's Aquarium of Canada,Tourist Attraction,True,False,Toronto,647-351-3474
1198,Taman Burung Kuala Lumpur,Nature Preserve,False,True,Kuala Lumpur,3-2272 1010
1199,Greenwich Market,Shopping Area,True,True,London,7851 018007
1200,Maltby Street Market,Shopping Area,True,True,London,20 7394 8061
1201,Southbank Centre Food Market,Shopping Area,True,True,London,20 3879 9555
1202,Rittenhouse Square,Park,True,True,Philadelphia,267-586-5675
1203,Spruce Street Harbor Park,Park,True,True,Philadelphia,215-922-2386
1204,Nomadic Community Garden,Tourist Attraction,False,True,London,7884 401513
1205,Parliament Hill Viewpoint,Tourist Attraction,False,True,London,20 7332 3322
1206,Speakers' Corner,Tourist Attraction,True,True,London,7722 523629
1207,Spencer House,Tourist Attraction,False,True,London,20 7514 1958
1208,The London Bridge Experience & London Tombs,Tourist Attraction,False,True,London,20 7403 6333
1209,The Thames Barrier,Tourist Attraction,False,True,London,20 8305 4188
1210,National Science Centre,Museum,False,True,Kuala Lumpur,3-2089 3400
1211,The Broad,Museum,True,True,Los Angeles,213-232-6250
1212,The Getty,Museum,True,True,Los Angeles,310-440-7300
1213,Lloyd Park,Park,True,False,London,20 8496 3000
1214,The Concourse,Performing Arts Venue,True,True,Sydney,2 8075 8100
1215,Palais Garnier,Performing Arts Venue,False,True,Paris,1 40 07 00 43
1216,Giraffe Centre,Nature Preserve,True,True,Nairobi,20 891078
1217,Nairobi National Park,Nature Preserve,False,True,Nairobi,20 2423423
1218,Vancouver Maritime Museum,Museum,True,True,Vancouver,604-257-8300
1219,S. R. Crown Hall,Historical Landmark,False,True,Chicago,312-567-3230
1220,The Merchandise Mart,Historical Landmark,True,True,Chicago,800-677-6278
1221,Tribune Tower,Historical Landmark,False,False,Chicago,312-222-3994
1222,Untitled by Picasso,Historical Landmark,True,False,Chicago,312-744-5000
1223,Yankee Stadium Tours,Tourist Attraction,False,True,New York,646-977-8687
1224,Computerspiele Museum,Museum,True,True,Berlin,30 60988577
1225,Duppel,Museum,True,True,Berlin,30 24002162
1226,Fleamarket at Mauerpark,Shopping Area,True,True,Berlin,30 29772486
1227,Earl Bales Park,Park,False,True,Toronto,416-392-2489
1228,Humber Bay Park,Park,True,True,Toronto,416-392-2489
1229,Empire State Building,Historical Landmark,True,True,New York,212-736-3100
1230,Morris-Jumel Mansion,Historical Landmark,True,True,New York,212-923-8008
1231,Stonewall National Monument,Historical Landmark,True,True,New York,212-668-2577
1232,Time Warner Center,Historical Landmark,True,True,New York,212-823-6300
1233,Royal Festival Hall,Performing Arts Venue,True,False,London,20 3879 9555
1234,The Criterion Theatre,Performing Arts Venue,True,True,London,20 7839 8811
1235,"Theatre Royal, Drury Lane",Performing Arts Venue,True,False,London,844 412 4660
1236,"The Royal Mews, Buckingham Palace",Tourist Attraction,True,False,London,303 123 7302
1237,Witch's Castle,Historical Landmark,False,False,Portland,503-823-4000
1238,L'eglise de la Madeleine,Place of Worship,False,False,Paris,1 44 51 69 00
1239,Saint-Germain-l'Auxerrois,Place of Worship,False,True,Paris,1 42 60 22 21
1240,Saint-Nicolas du Chardonnet,Place of Worship,False,True,Paris,1 44 27 07 90
1241,Saint-Etienne-du-Mont,Place of Worship,False,True,Paris,1 43 54 11 79
1242,"Sainte-Clotilde, Paris",Place of Worship,False,False,Paris,1 45 56 09 92
1243,Metiers Art Museum,Museum,True,False,Paris,1 53 01 82 00
1244,National Debt Clock,Historical Landmark,False,True,New York,212-257-6600
1245,Play City,Theme Park,False,True,Rio de Janeiro,21 2753-9489
1246,Rio Water Planet,Theme Park,False,True,Rio de Janeiro,21 2428-9000
1247,Milliken District Park,Park,True,True,Toronto,416-396-7757
1248,Riverdale Farm,Park,True,True,Toronto,416-392-6794
1249,Thomson Memorial Park,Park,True,True,Toronto,416-392-2489
1250,Toronto Botanical Garden,Park,True,True,Toronto,416-397-1354
1251,Wychwood Barns,Park,True,True,Toronto,416-338-4386
1252,Seaport Village,Shopping Area,True,True,San Diego,619-530-0704
1253,Featherdale Wildlife Park,Nature Preserve,False,True,Sydney,2 9622 1644
