,city,date,humidity,precipitation,temperature,wind
0,Dixon,2019-03-07,16,1,80,7
1,Sonoma,2019-03-09,21,6,85,7
2,Mill Valley,2019-03-14,40,13,91,2
3,Palo Alto,2019-03-05,53,27,88,1
4,Mountain View,2019-03-01,28,9,91,3
5,Yountville,2019-03-09,13,11,91,8
6,Menlo Park,2019-03-08,22,9,83,8
7,Sebastopol,2019-03-07,30,20,83,1
8,Mill Valley,2019-03-07,36,27,91,9
9,Fairfax,2019-03-09,19,3,80,3
10,San Francisco,2019-03-04,19,16,71,8
11,Novato,2019-03-13,17,2,70,7
12,Discovery Bay,2019-03-01,28,9,77,3
13,Pinole,2019-03-13,29,18,84,9
14,Napa,2019-03-01,25,24,85,6
15,Lafayette,2019-03-04,29,15,91,5
16,Santa Rosa,2019-03-10,37,18,77,9
17,Menlo Park,2019-03-09,29,15,87,12
18,Antioch,2019-03-01,17,2,91,5
19,Campbell,2019-03-06,24,8,75,4
20,Walnut Creek,2019-03-07,31,19,72,12
21,Alameda,2019-03-01,25,8,73,11
22,Fairfield,2019-03-13,15,0,74,10
23,Larkspur,2019-03-11,34,26,89,7
24,Kenwood,2019-03-08,30,14,73,4
25,Redwood City,2019-03-01,41,20,87,8
26,San Ramon,2019-03-05,47,24,71,11
27,Muir Beach,2019-03-05,44,18,76,3
28,Walnut Creek,2019-03-13,32,14,82,12
29,Healdsburg,2019-03-07,22,9,73,10
30,St. Helena,2019-03-01,41,22,82,3
31,Concord,2019-03-01,29,16,71,6
32,Los Altos,2019-03-01,19,6,76,3
33,Clayton,2019-03-01,15,1,70,5
34,"Olema, California",2019-03-01,25,21,91,3
35,Daly City,2019-03-07,56,26,75,10
36,Pleasant Hill,2019-03-05,18,3,74,12
37,Burlingame,2019-03-11,34,12,91,1
38,Union City,2019-03-10,23,9,86,6
39,Saratoga,2019-03-11,42,24,89,7
40,Burlingame,2019-03-05,17,9,81,4
41,Danville,2019-03-01,35,24,83,7
42,Belmont,2019-03-11,7,21,71,8
43,Cloverdale,2019-03-11,16,1,76,11
44,El Sobrante,2019-03-13,19,15,82,8
45,Portola Valley,2019-03-02,35,13,86,7
46,San Lorenzo,2019-03-08,22,25,90,11
47,San Lorenzo,2019-03-07,12,24,86,5
48,Livermore,2019-03-12,43,29,83,7
49,Benicia,2019-03-10,18,10,79,1
50,Burlingame,2019-03-02,18,3,84,9
51,Montara,2019-03-07,15,1,88,2
52,Rutherford,2019-03-10,39,23,79,10
53,Sunnyvale,2019-03-07,35,25,94,3
54,Valley Ford,2019-03-01,17,6,72,10
55,Pinole,2019-03-11,30,17,89,10
56,Napa,2019-03-05,15,2,79,4
57,"Olema, California",2019-03-12,19,21,77,6
58,Windsor,2019-03-01,37,21,86,9
59,Inverness,2019-03-01,18,4,90,9
60,El Cerrito,2019-03-11,29,10,87,3
61,Fairfax,2019-03-12,41,23,94,7
62,Los Gatos,2019-03-13,37,28,91,1
63,Albany,2019-03-01,29,19,92,8
64,San Francisco,2019-03-02,30,15,72,8
65,Sunol,2019-03-01,28,12,92,6
66,Chicago,2019-03-01,29,29,73,15
67,Campbell,2019-03-01,18,4,91,9
68,San Jose,2019-03-07,48,29,80,6
69,Mexico City,2019-03-07,24,6,93,5
70,Paris,2019-03-01,32,26,77,7
71,Millbrae,2019-03-06,21,8,88,6
72,Berkeley,2019-03-01,29,17,91,5
73,Berkeley,2019-03-06,23,7,84,9
74,Long Beach,2019-03-13,15,9,72,6
75,Calistoga,2019-03-03,23,6,76,1
76,Pleasant Hill,2019-03-09,20,26,83,8
77,Hercules,2019-03-01,40,19,81,11
78,Hercules,2019-03-06,19,12,84,6
79,Seattle,2019-03-06,29,27,64,4
80,Nairobi,2019-03-01,15,0,105,7
81,Sunol,2019-03-11,15,2,76,11
82,Sydney,2019-03-08,21,7,99,11
83,Daly City,2019-03-12,24,8,83,12
84,Chicago,2019-03-10,54,35,65,8
85,Los Angeles,2019-03-04,18,16,81,6
86,Los Angeles,2019-03-03,15,0,89,8
87,"Olema, California",2019-03-03,26,23,87,7
88,Cloverdale,2019-03-07,30,22,88,3
89,Fairfield,2019-03-11,35,13,89,11
90,Inverness,2019-03-03,24,22,88,1
91,San Pablo,2019-03-01,16,2,73,6
92,Pinole,2019-03-03,44,24,89,3
93,Mill Valley,2019-03-04,18,7,90,5
94,Belmont,2019-03-06,28,24,91,4
95,Rutherford,2019-03-04,23,12,88,6
96,Santa Rosa,2019-03-01,21,6,83,8
97,Mill Valley,2019-03-01,29,24,79,7
98,East Palo Alto,2019-03-14,21,4,80,5
99,Occidental,2019-03-04,18,20,84,2
100,Calistoga,2019-03-13,15,2,81,9
101,South San Francisco,2019-03-13,31,12,91,10
102,Alamo,2019-03-09,20,10,93,8
103,Fairfield,2019-03-06,46,20,80,8
104,Sacramento,2019-03-12,30,14,92,10
105,Vallejo,2019-03-12,32,25,87,3
106,Castro Valley,2019-03-12,25,9,93,1
107,Los Angeles,2019-03-01,75,28,76,4
108,Point Reyes Station,2019-03-07,21,16,76,1
109,Graton,2019-03-13,21,8,86,9
110,San Mateo,2019-03-08,22,6,88,6
111,Foster City,2019-03-14,36,19,91,1
112,Pescadero,2019-03-07,19,4,86,6
113,Pescadero,2019-03-12,23,19,79,8
114,Oakley,2019-03-12,36,22,75,9
115,Geyserville,2019-03-03,22,13,73,7
116,Rutherford,2019-03-05,42,23,75,1
117,Suisun City,2019-03-04,18,3,75,11
118,Martinez,2019-03-04,21,7,87,3
119,Pinole,2019-03-04,47,24,77,1
120,Pinole,2019-03-08,16,1,91,2
121,Forestville,2019-03-12,36,14,75,10
122,Forestville,2019-03-01,33,20,70,1
123,Forestville,2019-03-14,20,10,80,6
124,Half Moon Bay,2019-03-11,20,6,88,10
125,Union City,2019-03-11,16,11,87,3
126,Mexico City,2019-03-01,15,0,102,12
127,Seattle,2019-03-01,25,32,74,15
128,London,2019-03-08,19,24,93,4
129,New York,2019-03-01,41,37,66,12
130,New York,2019-03-13,19,33,59,7
131,Paris,2019-03-04,39,24,87,9
132,Paris,2019-03-08,29,25,78,5
133,Sydney,2019-03-07,18,4,89,9
134,Philadelphia,2019-03-01,23,8,81,4
135,Paris,2019-03-11,22,24,93,6
136,San Francisco,2019-03-01,49,29,91,2
137,Seattle,2019-03-10,25,39,69,6
138,Philadelphia,2019-03-09,25,17,82,5
139,San Francisco,2019-03-08,36,13,70,10
140,Los Angeles,2019-03-08,34,21,81,6
141,London,2019-03-03,66,29,88,2
142,Sydney,2019-03-04,21,7,96,4
143,London,2019-03-01,35,23,81,10
144,London,2019-03-07,44,27,71,3
145,San Diego,2019-03-02,15,0,90,4
146,Chicago,2019-03-03,24,36,67,14
147,Seattle,2019-03-07,20,16,69,8
148,Paris,2019-03-14,30,14,76,8
149,Philadelphia,2019-03-07,20,11,91,7
150,London,2019-03-06,47,27,85,4
151,Los Angeles,2019-03-07,15,5,86,8
152,Los Angeles,2019-03-02,50,29,93,3
153,New York,2019-03-12,17,4,70,7
154,Delhi,2019-03-10,18,4,102,4
155,Vancouver,2019-03-10,26,25,68,6
156,New York,2019-03-09,47,38,70,7
157,Los Angeles,2019-03-09,20,13,94,9
158,Fresno,2019-03-01,18,2,72,10
159,Sydney,2019-03-06,22,9,89,8
160,Paris,2019-03-07,22,12,87,6
161,Kuala Lumpur,2019-03-03,17,8,93,9
162,Phoenix,2019-03-11,27,8,86,11
163,Chicago,2019-03-09,43,38,68,15
164,Chicago,2019-03-08,31,23,72,8
165,Seattle,2019-03-11,18,4,73,15
166,Vancouver,2019-03-08,8,24,64,9
167,Paris,2019-03-06,32,13,72,6
168,London,2019-03-09,11,5,90,5
169,London,2019-03-13,18,25,94,5
170,Paris,2019-03-03,18,6,93,4
171,Paris,2019-03-05,55,19,70,9
172,Toronto,2019-03-09,15,0,67,10
173,Phoenix,2019-03-10,35,19,80,5
174,London,2019-03-10,22,6,92,5
175,Delhi,2019-03-08,17,6,98,7
176,Toronto,2019-03-11,9,28,59,11
177,Toronto,2019-03-10,61,26,73,12
178,San Diego,2019-03-09,40,25,83,7
179,Washington D.C.,2019-03-03,18,8,76,4
180,London,2019-03-12,32,21,87,2
181,London,2019-03-11,41,15,71,11
182,Bodega Bay,2019-03-06,45,19,82,5
183,Long Beach,2019-03-06,27,20,85,4
184,Long Beach,2019-03-01,40,17,80,2
185,Long Beach,2019-03-03,35,23,89,9
186,Oakland,2019-03-06,43,28,90,6
187,Rio Vista,2019-03-06,44,21,79,11
188,New York,2019-03-07,18,15,65,7
189,London,2019-03-04,16,4,87,1
190,Atlanta,2019-03-11,15,0,87,4
191,Anaheim,2019-03-01,45,29,78,9
192,Nairobi,2019-03-04,15,1,88,1
193,Philadelphia,2019-03-10,17,4,91,3
194,Toronto,2019-03-01,25,13,58,9
195,Delhi,2019-03-11,19,7,103,10
196,Sydney,2019-03-01,15,4,94,2
197,Washington D.C.,2019-03-01,36,13,75,6
198,El Cerrito,2019-03-08,18,5,90,5
199,Sacramento,2019-03-05,17,2,93,12
200,Nairobi,2019-03-09,15,0,103,7
201,Philadelphia,2019-03-11,33,10,72,11
202,Philadelphia,2019-03-08,15,5,78,3
203,Castro Valley,2019-03-01,16,18,91,9
204,Portland,2019-03-01,16,9,75,13
205,Stinson Beach,2019-03-11,29,15,78,10
206,Seattle,2019-03-13,17,12,63,11
207,Sydney,2019-03-13,20,5,101,7
208,San Diego,2019-03-06,23,6,80,1
209,Sacramento,2019-03-04,49,27,94,11
210,Las Vegas,2019-03-01,26,18,84,7
211,Delhi,2019-03-01,21,4,99,8
212,Delhi,2019-03-06,15,0,93,7
213,Atlanta,2019-03-13,17,2,80,3
214,Nairobi,2019-03-07,23,8,86,7
215,Kuala Lumpur,2019-03-05,18,5,100,6
216,El Cerrito,2019-03-12,25,18,88,1
217,Sacramento,2019-03-07,34,22,80,4
218,Washington D.C.,2019-03-02,16,1,82,6
219,Sacramento,2019-03-10,17,6,90,12
220,Fairfield,2019-03-08,56,28,92,3
221,Fairfield,2019-03-12,23,7,82,9
222,Fresno,2019-03-12,25,13,73,6
223,London,2019-03-14,36,14,81,10
224,Las Vegas,2019-03-08,36,17,76,7
225,Chicago,2019-03-13,47,37,65,5
226,New York,2019-03-06,26,26,64,10
227,Paris,2019-03-13,23,23,88,9
228,San Francisco,2019-03-14,33,12,93,3
229,Moraga,2019-03-05,24,6,77,1
230,Atlanta,2019-03-06,49,25,87,2
231,Las Vegas,2019-03-12,22,7,84,1
232,Fresno,2019-03-06,16,1,71,3
233,Bay Point,2019-03-03,41,20,72,11
234,Long Beach,2019-03-12,4,26,90,7
235,Sydney,2019-03-12,15,2,101,5
236,Nairobi,2019-03-12,28,9,103,12
237,Kuala Lumpur,2019-03-14,21,5,100,9
238,Philadelphia,2019-03-03,41,21,85,6
239,Los Angeles,2019-03-05,31,12,87,1
240,San Diego,2019-03-12,27,10,90,5
241,Portland,2019-03-07,19,32,72,12
242,Inverness,2019-03-05,24,7,77,7
243,New York,2019-03-10,15,0,59,5
244,Tiburon,2019-03-10,20,15,85,6
245,San Francisco,2019-03-10,26,12,93,6
246,Atlanta,2019-03-07,45,26,83,9
247,San Diego,2019-03-11,18,5,88,8
248,San Diego,2019-03-04,18,7,75,9
249,Portland,2019-03-11,38,42,63,7
250,New York,2019-03-11,36,34,65,10
251,San Carlos,2019-03-01,26,8,90,3
252,San Diego,2019-03-13,38,19,75,8
253,Newark,2019-03-03,31,12,87,2
254,Anaheim,2019-03-14,44,20,88,6
255,San Diego,2019-03-03,28,7,82,11
256,Portland,2019-03-04,32,18,68,12
257,Atlanta,2019-03-09,16,18,93,12
258,Bodega Bay,2019-03-09,16,14,74,1
259,Atlanta,2019-03-01,45,28,86,11
260,Pinole,2019-03-02,33,14,74,3
261,Kuala Lumpur,2019-03-12,15,4,98,5
262,Vancouver,2019-03-04,54,49,58,8
263,Delhi,2019-03-12,15,2,96,1
264,Sydney,2019-03-05,21,5,96,11
265,Seattle,2019-03-05,23,18,61,15
266,Vancouver,2019-03-05,43,56,62,12
267,Portland,2019-03-03,10,22,70,5
268,Long Beach,2019-03-02,35,15,77,8
269,Gilroy,2019-03-10,28,18,72,1
270,London,2019-03-02,28,18,80,6
271,Phoenix,2019-03-01,23,15,89,11
272,San Rafael,2019-03-01,17,2,80,1
273,Nairobi,2019-03-02,20,6,86,2
274,Fresno,2019-03-02,25,13,85,11
275,Portland,2019-03-12,30,16,72,11
276,Nairobi,2019-03-08,17,2,100,7
277,San Diego,2019-03-07,36,17,90,8
278,Santa Clara,2019-03-13,17,3,78,6
279,Delhi,2019-03-05,21,7,90,4
280,Atlanta,2019-03-10,27,19,88,9
281,Novato,2019-03-05,17,11,79,5
282,Delhi,2019-03-03,16,2,92,7
283,Atlanta,2019-03-03,27,9,76,9
284,Toronto,2019-03-02,28,20,60,5
285,Vancouver,2019-03-01,19,15,75,8
286,London,2019-03-05,23,28,94,12
287,Nairobi,2019-03-11,17,3,89,3
288,Washington D.C.,2019-03-08,18,4,84,8
289,Kuala Lumpur,2019-03-13,15,1,97,6
290,Los Angeles,2019-03-14,29,17,86,4
291,Sydney,2019-03-10,20,5,92,1
292,Phoenix,2019-03-05,31,12,73,5
293,Phoenix,2019-03-06,43,29,88,3
294,Sausalito,2019-03-03,24,18,90,1
295,Philadelphia,2019-03-05,35,29,76,10
296,Sausalito,2019-03-09,17,11,75,3
297,Sydney,2019-03-02,18,2,101,11
298,New York,2019-03-05,66,51,73,12
299,Vancouver,2019-03-06,25,27,70,13
300,Geyserville,2019-03-14,27,23,77,1
301,Geyserville,2019-03-05,16,1,76,6
302,Atlanta,2019-03-05,29,18,82,5
303,Sacramento,2019-03-08,40,21,85,2
304,Sacramento,2019-03-01,27,26,82,7
305,Anaheim,2019-03-05,19,4,75,10
306,Toronto,2019-03-12,15,1,64,12
307,Washington D.C.,2019-03-06,34,29,80,4
308,Washington D.C.,2019-03-13,52,28,79,12
309,Las Vegas,2019-03-13,33,14,73,12
310,Las Vegas,2019-03-04,38,15,77,12
311,Las Vegas,2019-03-09,20,4,86,6
312,Kuala Lumpur,2019-03-11,16,2,99,4
313,San Diego,2019-03-05,21,8,84,4
314,Atlanta,2019-03-08,21,12,79,8
315,Portland,2019-03-06,23,7,73,4
316,San Francisco,2019-03-07,17,9,74,7
317,Atherton,2019-03-03,24,12,90,12
318,Delhi,2019-03-04,18,8,97,3
319,Delhi,2019-03-02,15,0,95,5
320,Kuala Lumpur,2019-03-01,23,8,102,12
321,Toronto,2019-03-03,61,58,65,11
322,Chicago,2019-03-05,40,28,71,5
323,Mexico City,2019-03-10,16,3,96,10
324,Delhi,2019-03-13,15,0,100,11
325,New York,2019-03-02,26,29,57,6
326,Kuala Lumpur,2019-03-02,17,3,101,3
327,Phoenix,2019-03-03,27,10,94,4
328,San Diego,2019-03-01,16,1,90,1
329,Redwood City,2019-03-07,15,1,73,7
330,Atlanta,2019-03-12,18,19,78,9
331,Portland,2019-03-14,20,13,57,6
332,San Francisco,2019-03-09,16,2,70,9
333,Phoenix,2019-03-02,31,11,72,9
334,San Francisco,2019-03-05,31,23,87,1
335,Kuala Lumpur,2019-03-10,22,5,90,11
336,Dublin,2019-03-06,20,7,92,6
337,Philadelphia,2019-03-14,26,8,84,10
338,Phoenix,2019-03-09,31,21,76,6
339,Seattle,2019-03-04,69,43,69,13
340,Sydney,2019-03-09,16,6,93,12
341,Albany,2019-03-02,23,14,84,5
342,Philadelphia,2019-03-02,16,3,71,8
343,Philadelphia,2019-03-12,27,25,83,4
344,Portland,2019-03-02,33,15,65,7
345,Chicago,2019-03-12,4,26,61,12
346,Nairobi,2019-03-03,16,2,103,1
347,Cupertino,2019-03-01,22,13,92,2
348,Kuala Lumpur,2019-03-09,15,0,92,8
349,Vancouver,2019-03-12,15,10,59,11
350,Los Angeles,2019-03-10,19,10,91,8
351,Stanford,2019-03-14,19,5,82,5
352,Las Vegas,2019-03-11,19,3,81,10
353,Sydney,2019-03-14,16,2,100,8
354,Portland,2019-03-05,24,12,56,9
355,Los Altos,2019-03-13,17,3,94,7
356,Phoenix,2019-03-04,37,29,90,3
357,Las Vegas,2019-03-07,44,22,86,9
358,New York,2019-03-03,26,23,74,13
359,Rohnert Park,2019-03-01,35,23,84,7
360,Phoenix,2019-03-08,21,15,77,11
361,Kuala Lumpur,2019-03-04,29,8,87,8
362,Toronto,2019-03-04,33,38,70,13
363,Portland,2019-03-08,26,50,70,7
364,Delhi,2019-03-09,18,3,91,2
365,Sunol,2019-03-04,17,14,93,12
366,Sunol,2019-03-07,23,14,72,11
367,Chicago,2019-03-07,30,23,74,14
368,Chicago,2019-03-06,19,5,69,8
369,Los Angeles,2019-03-13,22,19,94,5
370,Atherton,2019-03-02,35,17,93,7
371,San Diego,2019-03-14,17,2,76,6
372,Chicago,2019-03-02,40,33,61,6
373,Toronto,2019-03-06,36,45,62,9
374,Paris,2019-03-12,34,16,72,12
375,New York,2019-03-04,29,22,59,8
376,Mexico City,2019-03-09,18,4,87,1
377,Mexico City,2019-03-12,24,6,89,11
378,Paris,2019-03-09,13,14,83,5
379,Sydney,2019-03-03,17,4,101,2
380,Mexico City,2019-03-11,17,4,88,1
381,Mexico City,2019-03-04,21,4,95,11
382,Kuala Lumpur,2019-03-06,20,9,98,11
383,Anaheim,2019-03-06,19,18,82,7
384,San Diego,2019-03-08,18,6,93,5
385,Washington D.C.,2019-03-11,58,25,86,8
386,New York,2019-03-14,19,6,60,9
387,San Francisco,2019-03-06,16,3,72,12
388,Atlanta,2019-03-02,32,20,82,6
389,San Pablo,2019-03-06,37,21,73,9
390,Seattle,2019-03-12,6,34,66,7
391,San Francisco,2019-03-13,22,9,94,6
392,Las Vegas,2019-03-14,39,15,71,6
393,Lagunitas,2019-03-01,38,18,92,2
394,Lagunitas,2019-03-03,21,12,87,1
395,Anaheim,2019-03-12,21,16,71,2
396,Saratoga,2019-03-01,15,1,78,3
397,San Rafael,2019-03-06,35,14,76,10
398,Nairobi,2019-03-13,15,1,89,4
399,Seattle,2019-03-08,16,21,65,7
400,Chicago,2019-03-14,26,24,68,12
401,Point Reyes Station,2019-03-09,38,13,90,12
402,Portland,2019-03-09,12,44,67,4
403,Muir Beach,2019-03-01,28,13,81,6
404,Nairobi,2019-03-14,15,0,93,9
405,Vacaville,2019-03-10,36,26,89,5
406,Nairobi,2019-03-10,15,1,95,9
407,Eldridge,2019-03-12,17,14,74,3
408,Vancouver,2019-03-02,45,49,67,15
409,Santa Clara,2019-03-05,44,25,88,5
410,Paris,2019-03-10,15,2,80,7
411,Fresno,2019-03-04,19,18,92,1
412,Anaheim,2019-03-11,35,11,70,10
413,Montara,2019-03-11,26,17,86,9
414,Philadelphia,2019-03-04,30,8,78,1
415,Washington D.C.,2019-03-12,22,9,80,8
416,Toronto,2019-03-08,17,6,67,14
417,Antioch,2019-03-06,23,7,72,9
418,Seattle,2019-03-03,15,49,73,7
419,Ross,2019-03-01,19,14,79,12
420,Nairobi,2019-03-06,15,1,89,8
421,New York,2019-03-08,26,35,69,10
422,Los Angeles,2019-03-12,38,27,77,9
423,Oakland,2019-03-07,28,19,80,4
424,Anaheim,2019-03-04,29,20,89,2
425,Anaheim,2019-03-02,19,5,87,8
426,Phoenix,2019-03-14,46,29,86,5
427,Vancouver,2019-03-03,16,54,57,10
428,Phoenix,2019-03-13,18,11,80,5
429,Oakland,2019-03-01,19,16,72,5
430,Sacramento,2019-03-13,18,12,93,8
431,Atlanta,2019-03-14,16,1,86,6
432,San Lorenzo,2019-03-06,17,25,77,6
433,San Francisco,2019-03-11,21,7,72,12
434,Rohnert Park,2019-03-03,36,23,75,3
435,Napa,2019-03-02,45,29,72,5
436,Vancouver,2019-03-07,11,23,63,13
437,San Francisco,2019-03-03,47,27,83,11
438,Sacramento,2019-03-02,24,27,93,4
439,Yountville,2019-03-01,15,7,75,5
440,Sonoma,2019-03-12,20,15,86,4
441,Brisbane,2019-03-08,15,0,83,4
442,Marshall,2019-03-02,25,14,84,6
443,Marshall,2019-03-14,28,15,78,12
444,Vancouver,2019-03-14,27,30,64,5
445,San Jose,2019-03-06,27,7,87,2
446,Livermore,2019-03-11,25,13,80,6
447,Stanford,2019-03-13,15,4,73,7
448,Orinda,2019-03-13,25,15,78,2
449,Las Vegas,2019-03-03,44,22,91,6
450,Yountville,2019-03-13,24,13,93,2
451,Anaheim,2019-03-03,35,22,87,2
452,Long Beach,2019-03-07,39,26,94,2
453,Brisbane,2019-03-02,13,9,75,2
454,Mountain View,2019-03-10,35,15,86,5
455,San Jose,2019-03-02,33,16,76,1
456,Sunnyvale,2019-03-10,22,6,74,3
457,San Jose,2019-03-01,24,19,78,3
458,Union City,2019-03-12,37,21,92,10
459,Hercules,2019-03-09,51,28,77,2
460,Vacaville,2019-03-11,15,1,88,2
461,Fairfield,2019-03-04,43,22,85,6
462,Menlo Park,2019-03-12,21,11,80,10
463,Gilroy,2019-03-13,38,28,78,6
464,Half Moon Bay,2019-03-14,31,24,82,10
465,San Ramon,2019-03-01,45,24,87,9
466,San Jose,2019-03-09,37,22,94,4
467,Gilroy,2019-03-01,35,29,91,1
468,Sunnyvale,2019-03-08,23,24,80,1
469,San Carlos,2019-03-05,21,8,87,3
470,Fremont,2019-03-02,20,27,73,1
471,Concord,2019-03-07,33,10,90,9
472,Morgan Hill,2019-03-01,40,23,74,11
473,Sebastopol,2019-03-08,25,8,90,11
474,Alameda,2019-03-04,19,6,74,1
475,Milpitas,2019-03-07,34,27,75,8
476,Fremont,2019-03-01,15,0,84,1
477,San Jose,2019-03-14,29,19,74,6
478,San Carlos,2019-03-14,31,15,72,12
479,Santa Rosa,2019-03-05,41,20,80,6
480,San Ramon,2019-03-10,17,22,91,6
481,Danville,2019-03-13,28,21,89,2
482,Menlo Park,2019-03-05,28,21,86,10
483,Vallejo,2019-03-10,27,10,76,11
484,Palo Alto,2019-03-06,20,18,91,12
485,Alameda,2019-03-10,16,3,86,7
486,Berkeley,2019-03-12,34,16,90,11
487,Oakland,2019-03-11,43,24,76,11
488,Lafayette,2019-03-14,20,12,92,7
489,Burlingame,2019-03-10,46,26,81,10
490,Sunnyvale,2019-03-01,32,19,90,10
491,Cupertino,2019-03-07,33,21,91,1
492,Foster City,2019-03-09,22,6,76,5
493,Vallejo,2019-03-01,25,10,83,5
494,Vallejo,2019-03-02,46,26,76,10
495,Newark,2019-03-11,15,6,89,5
496,Oakland,2019-03-04,32,11,87,12
497,Livermore,2019-03-14,24,15,92,11
498,Pleasant Hill,2019-03-13,19,15,75,11
499,Redwood City,2019-03-05,35,15,86,1
500,Berkeley,2019-03-10,24,25,76,11
501,Windsor,2019-03-14,37,16,89,5
502,Walnut Creek,2019-03-08,27,28,84,4
503,Santa Clara,2019-03-11,13,8,77,10
504,Castro Valley,2019-03-04,29,20,73,6
505,San Leandro,2019-03-07,24,9,94,3
506,Fremont,2019-03-06,16,1,78,8
507,Mountain View,2019-03-03,57,26,83,8
508,Santa Rosa,2019-03-07,15,12,76,10
509,Santa Clara,2019-03-04,15,0,82,9
510,Albany,2019-03-09,20,5,71,3
511,Sunnyvale,2019-03-05,21,6,92,4
512,San Mateo,2019-03-11,33,15,91,5
513,San Jose,2019-03-10,29,18,74,7
514,Lafayette,2019-03-10,41,14,75,10
515,Petaluma,2019-03-12,23,19,78,12
516,Palo Alto,2019-03-11,15,7,90,9
517,San Francisco,2019-03-12,35,23,76,6
518,San Jose,2019-03-11,15,0,79,12
519,Walnut Creek,2019-03-06,32,17,85,4
520,San Leandro,2019-03-11,43,27,89,8
521,Santa Clara,2019-03-08,65,24,93,4
522,Morgan Hill,2019-03-08,37,24,82,3
523,Pleasanton,2019-03-14,17,2,76,12
524,San Mateo,2019-03-01,18,13,80,11
525,Los Gatos,2019-03-07,32,15,86,1
526,San Jose,2019-03-04,40,19,75,7
527,Oakland,2019-03-12,34,19,78,10
528,Daly City,2019-03-06,15,0,76,10
529,Cupertino,2019-03-02,30,28,73,7
530,San Carlos,2019-03-13,27,22,73,9
531,Lafayette,2019-03-01,51,29,87,11
532,San Jose,2019-03-13,29,18,85,11
533,Santa Rosa,2019-03-14,24,11,76,8
534,Napa,2019-03-12,46,25,84,8
535,Walnut Creek,2019-03-11,24,12,90,11
536,Concord,2019-03-09,21,12,93,5
537,Martinez,2019-03-01,32,24,80,1
538,Berkeley,2019-03-03,22,25,82,1
539,Walnut Creek,2019-03-09,36,17,94,1
540,El Sobrante,2019-03-06,22,9,76,12
541,Guerneville,2019-03-01,28,11,89,2
542,Kenwood,2019-03-05,25,27,90,10
543,Kenwood,2019-03-01,41,23,92,8
544,Montara,2019-03-01,20,8,89,8
545,San Anselmo,2019-03-01,23,28,89,3
546,Stanford,2019-03-01,47,29,73,5
547,Pinole,2019-03-01,26,18,91,6
548,Alamo,2019-03-01,32,12,81,3
549,Novato,2019-03-12,21,6,77,9
550,Novato,2019-03-02,15,1,71,3
551,Discovery Bay,2019-03-12,25,23,70,11
552,Discovery Bay,2019-03-10,28,15,85,11
553,Bodega Bay,2019-03-01,44,28,80,2
554,Seattle,2019-03-09,13,14,64,5
555,Moraga,2019-03-01,48,23,70,10
556,Moraga,2019-03-07,21,12,73,4
557,Morgan Hill,2019-03-04,44,29,72,6
558,Lafayette,2019-03-06,16,1,86,4
559,Bolinas,2019-03-06,38,22,92,7
560,Larkspur,2019-03-03,46,23,85,4
561,Petaluma,2019-03-06,31,10,91,9
562,Union City,2019-03-06,37,19,71,3
563,Union City,2019-03-09,15,1,79,8
564,Clayton,2019-03-14,20,6,72,10
565,Tomales,2019-03-11,25,23,89,2
566,Tomales,2019-03-04,36,28,85,8
567,Toronto,2019-03-13,15,1,62,15
568,Marshall,2019-03-01,13,5,86,8
569,Tiburon,2019-03-05,51,20,94,11
570,Calistoga,2019-03-05,28,12,73,5
571,Rutherford,2019-03-01,41,28,86,10
572,San Bruno,2019-03-08,33,10,91,11
573,Fresno,2019-03-03,31,18,77,8
574,Palo Alto,2019-03-01,19,4,79,4
575,Inverness,2019-03-10,18,3,90,7
576,Alamo,2019-03-04,31,24,94,1
577,Hayward,2019-03-01,16,9,80,3
578,Valley Ford,2019-03-12,34,11,92,1
579,Discovery Bay,2019-03-09,18,11,89,6
580,"Olema, California",2019-03-13,14,14,90,7
581,Stanford,2019-03-11,18,9,86,3
582,American Canyon,2019-03-11,26,16,87,12
583,Cotati,2019-03-13,16,1,76,6
584,Palo Alto,2019-03-14,17,7,82,12
585,Brisbane,2019-03-01,56,26,78,12
586,Healdsburg,2019-03-01,19,9,71,8
587,Duncans Mills,2019-03-05,15,1,90,11
588,Montara,2019-03-14,38,21,77,5
589,Point Reyes Station,2019-03-01,16,3,81,11
590,Eldridge,2019-03-14,27,23,73,1
591,Marshall,2019-03-04,38,17,86,7
592,Pittsburg,2019-03-01,15,3,87,6
593,Woodside,2019-03-05,41,26,86,4
594,South San Francisco,2019-03-01,16,1,83,6
595,Pescadero,2019-03-08,35,20,94,6
596,Pescadero,2019-03-14,21,16,73,2
597,Burlingame,2019-03-12,20,3,78,9
598,Burlingame,2019-03-04,31,14,72,4
599,Forestville,2019-03-09,27,25,78,4
600,Pleasanton,2019-03-06,17,13,77,2
601,Fremont,2019-03-07,37,21,79,10
602,Valley Ford,2019-03-14,33,24,92,2
603,Pleasant Hill,2019-03-01,30,9,94,5
604,Cotati,2019-03-01,17,5,86,8
605,El Sobrante,2019-03-01,49,24,70,5
606,Santa Clara,2019-03-06,30,18,89,6
607,Richmond,2019-03-11,40,28,75,8
608,Hercules,2019-03-03,16,2,86,3
609,Los Altos,2019-03-05,17,2,78,1
610,Alamo,2019-03-02,20,19,82,12
611,Pacifica,2019-03-08,26,17,75,10
612,Hayward,2019-03-09,22,14,70,9
613,Antioch,2019-03-14,24,13,74,1
614,Cloverdale,2019-03-01,16,2,88,3
615,Larkspur,2019-03-01,58,25,86,2
616,Albany,2019-03-03,24,9,92,2
617,Gilroy,2019-03-09,16,4,79,12
618,Oakland,2019-03-05,30,15,92,1
619,Alamo,2019-03-13,18,3,71,3
620,Sebastopol,2019-03-01,34,22,91,6
621,Dixon,2019-03-01,27,9,77,7
622,San Ramon,2019-03-02,38,13,88,5
623,Orinda,2019-03-01,16,3,81,9
624,San Bruno,2019-03-13,43,17,79,8
625,Menlo Park,2019-03-01,15,0,76,3
626,Geyserville,2019-03-01,18,16,90,5
627,Hayward,2019-03-06,20,6,78,12
628,American Canyon,2019-03-12,39,15,75,12
629,Muir Beach,2019-03-07,37,27,82,2
630,Duncans Mills,2019-03-08,16,3,91,11
631,Bolinas,2019-03-11,34,16,94,12
632,Danville,2019-03-11,23,25,87,11
633,Brentwood,2019-03-05,24,10,81,4
634,Muir Beach,2019-03-03,21,4,88,8
635,San Anselmo,2019-03-03,37,22,76,11
636,Pittsburg,2019-03-10,47,21,77,5
637,Eldridge,2019-03-05,35,13,88,4
638,Belmont,2019-03-01,26,22,90,1
639,Morgan Hill,2019-03-11,26,14,82,3
640,El Cerrito,2019-03-04,42,29,93,3
641,Brentwood,2019-03-04,16,3,77,9
642,Cotati,2019-03-10,26,10,70,12
643,Belmont,2019-03-12,15,1,92,3
644,San Pablo,2019-03-12,15,28,81,2
645,Redwood City,2019-03-02,68,29,89,4
646,Castro Valley,2019-03-13,16,1,70,1
647,St. Helena,2019-03-10,17,8,72,2
648,Pleasant Hill,2019-03-12,60,25,77,7
649,Pleasant Hill,2019-03-10,35,19,91,12
650,Novato,2019-03-01,23,12,91,1
651,Gilroy,2019-03-05,22,14,91,12
652,Gilroy,2019-03-03,22,7,86,9
653,Santa Rosa,2019-03-03,30,14,73,10
654,Martinez,2019-03-10,43,20,79,1
655,Mill Valley,2019-03-05,48,23,76,9
656,Pleasant Hill,2019-03-11,15,0,93,6
657,Palo Alto,2019-03-10,17,2,87,10
658,Gilroy,2019-03-07,10,13,93,4
659,Gilroy,2019-03-04,40,21,87,6
660,San Ramon,2019-03-14,33,18,93,8
661,Santa Rosa,2019-03-12,15,0,83,1
662,El Cerrito,2019-03-06,31,26,72,7
663,Redwood City,2019-03-11,29,25,79,5
664,Castro Valley,2019-03-10,25,14,76,10
665,Oakland,2019-03-09,40,19,89,7
666,Martinez,2019-03-02,27,23,73,11
667,Walnut Creek,2019-03-01,22,13,72,1
668,Novato,2019-03-14,35,28,82,1
669,Campbell,2019-03-07,28,28,85,4
670,Santa Rosa,2019-03-09,41,26,92,8
671,Los Gatos,2019-03-03,31,22,70,8
672,Campbell,2019-03-10,41,25,89,9
673,Los Gatos,2019-03-11,19,4,71,7
674,Martinez,2019-03-08,4,25,94,12
675,Redwood City,2019-03-09,25,11,93,3
676,Martinez,2019-03-03,22,21,90,11
677,St. Helena,2019-03-05,34,26,85,11
678,Lafayette,2019-03-08,23,12,71,5
679,Sunnyvale,2019-03-14,16,2,83,8
680,Santa Rosa,2019-03-04,24,7,87,11
681,Concord,2019-03-04,28,18,80,5
682,Cotati,2019-03-07,15,1,89,8
683,Los Altos,2019-03-11,47,28,73,3
684,San Lorenzo,2019-03-03,43,23,78,9
685,Mexico City,2019-03-03,18,7,102,12
686,Vancouver,2019-03-11,26,22,66,8
687,Seattle,2019-03-02,13,23,70,13
688,Duncans Mills,2019-03-11,19,4,91,7
689,Chicago,2019-03-04,34,35,65,11
690,Atherton,2019-03-13,30,11,80,10
691,Millbrae,2019-03-08,15,0,92,11
692,Newark,2019-03-10,24,16,92,4
693,Foster City,2019-03-01,38,22,80,8
694,Novato,2019-03-06,32,20,71,10
695,Tiburon,2019-03-09,17,27,82,8
696,San Rafael,2019-03-09,25,9,90,10
697,East Palo Alto,2019-03-01,41,19,92,5
698,Pescadero,2019-03-01,15,0,86,1
699,Montara,2019-03-05,16,2,87,3
700,Glen Ellen,2019-03-04,26,15,90,11
701,Duncans Mills,2019-03-07,34,13,87,4
702,Calistoga,2019-03-12,15,0,80,9
703,San Leandro,2019-03-01,16,1,83,1
704,San Diego,2019-03-10,15,1,87,4
705,Pinole,2019-03-12,50,17,70,6
706,Mexico City,2019-03-08,15,6,102,11
707,Long Beach,2019-03-10,50,20,75,11
708,San Rafael,2019-03-08,23,8,74,1
709,Anaheim,2019-03-10,27,9,76,8
710,Long Beach,2019-03-08,24,10,80,5
711,Sacramento,2019-03-09,31,23,92,9
712,Washington D.C.,2019-03-07,27,20,81,2
713,Duncans Mills,2019-03-03,37,20,93,7
714,Mexico City,2019-03-05,18,3,87,2
715,Muir Beach,2019-03-10,36,22,92,2
716,Mexico City,2019-03-06,15,4,95,3
717,Morgan Hill,2019-03-12,25,10,87,8
718,Palo Alto,2019-03-02,19,9,83,12
719,Stinson Beach,2019-03-01,31,16,80,9
720,Woodside,2019-03-10,46,24,86,1
721,Bodega Bay,2019-03-03,18,8,77,6
722,Berkeley,2019-03-02,41,26,83,6
723,Danville,2019-03-07,25,15,73,7
724,Calistoga,2019-03-10,28,13,84,10
725,Millbrae,2019-03-11,36,25,91,2
726,Discovery Bay,2019-03-07,56,28,85,9
727,Moraga,2019-03-02,23,4,76,2
728,San Anselmo,2019-03-06,23,15,91,2
729,Marshall,2019-03-05,33,25,76,9
730,San Leandro,2019-03-05,36,18,91,5
731,Duncans Mills,2019-03-06,19,12,70,2
732,Daly City,2019-03-01,21,6,77,6
733,St. Helena,2019-03-02,16,1,76,4
734,San Anselmo,2019-03-10,62,28,87,9
735,Pacifica,2019-03-11,21,16,82,9
736,Martinez,2019-03-12,37,27,85,7
737,Santa Clara,2019-03-03,38,24,84,4
738,Santa Clara,2019-03-12,26,21,85,4
739,Alamo,2019-03-06,20,7,75,2
740,Mountain View,2019-03-09,36,27,77,11
741,Sausalito,2019-03-06,22,15,89,1
742,Oakley,2019-03-10,27,20,83,6
743,Brentwood,2019-03-10,29,21,71,3
744,Phoenix,2019-03-07,36,19,86,11
745,Newark,2019-03-13,25,9,82,2
746,Foster City,2019-03-13,35,23,94,1
747,Campbell,2019-03-04,44,29,72,5
748,Yountville,2019-03-03,31,16,75,7
749,Montara,2019-03-10,22,20,72,6
750,American Canyon,2019-03-06,40,19,83,3
751,Alameda,2019-03-06,27,27,88,12
752,Washington D.C.,2019-03-14,17,2,90,10
753,Stinson Beach,2019-03-05,28,18,90,7
754,Novato,2019-03-03,29,15,82,11
755,Martinez,2019-03-05,29,22,83,2
756,Morgan Hill,2019-03-03,43,23,70,7
757,Rio Vista,2019-03-10,32,26,77,9
758,Healdsburg,2019-03-02,30,21,91,10
759,Healdsburg,2019-03-10,47,22,79,3
760,Clayton,2019-03-12,40,17,92,8
761,Hercules,2019-03-12,18,3,84,3
762,Point Reyes Station,2019-03-03,32,22,71,12
763,Milpitas,2019-03-01,52,28,73,5
764,Rio Vista,2019-03-01,20,6,85,3
765,Corte Madera,2019-03-14,29,13,91,12
766,Tiburon,2019-03-13,28,16,86,4
767,Oakley,2019-03-01,17,3,73,9
768,Pittsburg,2019-03-14,35,20,87,5
769,Berkeley,2019-03-13,35,18,74,12
770,Petaluma,2019-03-01,57,29,82,11
771,Sonoma,2019-03-14,32,25,88,12
772,Dublin,2019-03-04,26,23,87,10
773,Berkeley,2019-03-11,43,28,83,4
774,Sunnyvale,2019-03-03,19,17,72,4
775,Glen Ellen,2019-03-05,19,4,84,3
776,Berkeley,2019-03-07,30,29,88,10
777,Daly City,2019-03-08,17,6,91,5
778,Benicia,2019-03-02,18,5,92,12
779,Pleasanton,2019-03-03,43,16,79,10
780,Petaluma,2019-03-10,39,13,70,12
781,Dublin,2019-03-13,20,19,84,1
782,Campbell,2019-03-08,24,17,88,8
783,Discovery Bay,2019-03-03,34,26,71,12
784,Rohnert Park,2019-03-09,40,20,92,2
785,Los Gatos,2019-03-01,28,17,93,10
786,Moraga,2019-03-14,24,14,82,5
787,Napa,2019-03-04,18,5,85,9
788,Point Reyes Station,2019-03-08,41,14,91,3
789,Pleasanton,2019-03-01,16,4,90,8
790,Atlanta,2019-03-04,25,9,75,5
791,American Canyon,2019-03-14,37,13,81,11
792,Dixon,2019-03-10,21,5,76,10
793,Mountain View,2019-03-06,27,21,75,1
794,St. Helena,2019-03-14,31,24,74,4
795,Cupertino,2019-03-09,19,4,88,2
796,Lafayette,2019-03-03,18,17,85,7
797,Menlo Park,2019-03-14,18,12,79,9
798,Redwood City,2019-03-10,58,25,74,7
799,Sunnyvale,2019-03-04,18,28,71,9
800,Walnut Creek,2019-03-12,37,29,86,10
801,Stanford,2019-03-03,24,7,71,3
802,Concord,2019-03-11,24,18,93,10
803,Gilroy,2019-03-06,15,0,76,12
804,Gilroy,2019-03-12,15,0,79,11
805,Lafayette,2019-03-07,41,26,89,10
806,Vacaville,2019-03-04,55,24,77,6
807,Sausalito,2019-03-01,16,1,77,4
808,San Ramon,2019-03-13,29,15,70,10
809,Sausalito,2019-03-05,36,27,82,4
810,San Rafael,2019-03-11,16,1,79,3
811,Walnut Creek,2019-03-14,27,28,87,12
812,Novato,2019-03-10,18,10,71,5
813,El Cerrito,2019-03-01,45,22,89,10
814,Mexico City,2019-03-14,15,1,92,12
815,Portland,2019-03-13,13,24,58,15
816,Cotati,2019-03-06,41,27,93,9
817,Toronto,2019-03-05,23,55,66,12
818,Mexico City,2019-03-13,21,8,91,6
819,Toronto,2019-03-07,25,15,61,12
820,Los Angeles,2019-03-06,26,19,78,1
821,Cotati,2019-03-05,41,18,86,1
822,Nairobi,2019-03-05,14,9,90,7
823,Portland,2019-03-10,39,25,58,4
824,Philadelphia,2019-03-06,48,26,94,12
825,Gilroy,2019-03-08,40,20,85,9
826,Paris,2019-03-02,33,16,72,1
827,Washington D.C.,2019-03-05,51,28,82,12
828,Los Angeles,2019-03-11,51,23,86,7
829,Moraga,2019-03-13,20,5,73,6
830,Cupertino,2019-03-05,23,15,76,2
831,Richmond,2019-03-13,18,4,83,7
832,Valley Ford,2019-03-03,22,13,91,9
833,Duncans Mills,2019-03-01,21,13,77,10
834,Brentwood,2019-03-01,17,3,77,10
835,Bolinas,2019-03-01,50,28,85,6
836,Graton,2019-03-01,37,25,76,12
837,Sacramento,2019-03-11,61,26,84,7
838,Emeryville,2019-03-01,33,17,86,11
839,American Canyon,2019-03-01,28,10,83,3
840,Tomales,2019-03-02,34,21,75,4
841,Fairfax,2019-03-06,17,12,91,11
842,Delhi,2019-03-14,13,7,96,6
843,"Olema, California",2019-03-02,25,9,88,9
844,Newark,2019-03-05,38,23,90,5
845,Fremont,2019-03-13,28,15,72,3
846,Sebastopol,2019-03-12,19,7,93,1
847,Lagunitas,2019-03-05,23,10,92,11
848,Los Altos,2019-03-02,42,17,94,5
849,Half Moon Bay,2019-03-01,42,18,81,4
850,Pescadero,2019-03-02,24,18,76,8
851,Fresno,2019-03-09,27,25,93,5
852,Cloverdale,2019-03-04,26,24,71,1
853,Fresno,2019-03-10,36,13,90,8
854,Philadelphia,2019-03-13,17,3,86,12
855,Oakley,2019-03-02,18,3,93,11
856,Anaheim,2019-03-08,16,9,86,6
857,Sacramento,2019-03-14,18,16,92,1
858,Anaheim,2019-03-13,27,20,90,12
859,Sacramento,2019-03-03,23,14,87,2
860,Fresno,2019-03-14,16,2,84,3
861,Benicia,2019-03-06,25,24,85,9
862,Benicia,2019-03-12,22,4,73,10
863,Bolinas,2019-03-04,32,12,85,1
864,San Anselmo,2019-03-13,16,2,83,1
865,Alameda,2019-03-05,22,7,79,9
866,San Pablo,2019-03-04,49,18,80,12
867,Larkspur,2019-03-10,42,20,85,12
868,Burlingame,2019-03-01,17,2,81,12
869,San Bruno,2019-03-02,58,21,77,4
870,Castro Valley,2019-03-09,15,7,86,4
871,Dixon,2019-03-12,28,21,93,4
872,Sebastopol,2019-03-11,18,6,75,7
873,Hayward,2019-03-10,30,14,80,8
874,Brentwood,2019-03-08,29,19,86,3
875,Novato,2019-03-04,19,7,87,5
876,Atherton,2019-03-04,24,10,78,6
877,Woodside,2019-03-01,23,6,78,11
878,Moraga,2019-03-09,19,3,86,1
879,Walnut Creek,2019-03-02,55,26,76,6
880,Lagunitas,2019-03-02,24,17,87,5
881,Graton,2019-03-09,38,19,89,4
882,Millbrae,2019-03-03,20,23,73,7
883,Menlo Park,2019-03-11,37,19,71,7
884,Oakland,2019-03-14,27,22,84,5
885,San Ramon,2019-03-07,17,5,74,12
886,San Lorenzo,2019-03-01,19,3,76,1
887,Novato,2019-03-09,16,1,80,5
888,Berkeley,2019-03-14,30,16,81,10
889,Antioch,2019-03-07,15,0,71,4
890,Oakley,2019-03-04,33,11,75,10
891,Fremont,2019-03-12,21,10,73,5
892,San Mateo,2019-03-14,27,18,87,1
893,Saratoga,2019-03-08,22,19,81,2
894,Pleasanton,2019-03-04,29,13,78,1
895,Santa Rosa,2019-03-02,41,27,86,9
896,Foster City,2019-03-10,16,5,72,3
897,Windsor,2019-03-11,64,28,89,12
898,Gilroy,2019-03-14,20,9,72,5
899,Walnut Creek,2019-03-10,45,26,91,11
900,Berkeley,2019-03-09,41,24,74,4
901,Union City,2019-03-08,32,25,86,7
